file_name,plates_string
test/881.jpg,A961O35
test/1151.bmp,B544HB35
test/588.jpg,M010OO42
test/2171.bmp,P209XP35 B158PA35
test/529.jpeg,H323HB125 O554YT77
test/1621.bmp,T070TC35 A804PB35
test/2258.jpg,O577OH177
test/2529.jpg,H152YM29
test/2241.jpg,T906KT96 P444HP96 P721MT96
test/1242.bmp,T999YB35
test/3085.jpg,P933TX54
test/1423.jpg,H672PX177
test/693.jpg,T587MY161
test/1676.jpg,E199EX69 B003ME69
test/2144.bmp,A533CC35
test/286.jpg,O698CB55
test/156.jpg,E944BP70
test/571.jpg,E864EE152
test/636.bmp,B542CK35
test/645.bmp,C097PO35
test/1316.jpg,E209EC60
test/2993.jpg,O868AA123
test/1769.bmp,T525TC35
test/228.bmp,A877XB35
test/1398.bmp,M099KK51
test/2571.jpg,A774HC154
test/2978.bmp,C904HM35
test/1184.jpg,A100XB97
test/512.jpg,C114XP54
test/2693.jpg,O300AT96
test/2752.jpg,T385CO199
test/2776.bmp,Y101EX35
test/1731.bmp,T777KM35
test/2937.jpg,E585BO68
test/2742.jpg,M622KM68
test/1086.jpg,H356TC77
test/752.jpg,A769MB197
test/1843.bmp,C391KA35
test/386.jpg,H040EB73
test/2442.jpg,Y836TT77
test/2831.jpg,O810YE54
test/1619.png,E886KX98
test/1722.jpeg,O212HP98
test/260.jpg,T762CC163
test/239.bmp,T999YB35
test/1043.jpg,O212HE163
test/2165.jpg,X655HK98
test/244.bmp,
test/2161.bmp,M007PP190
test/2706.bmp,B084PB35
test/2826.jpg,H005HA72
test/211.jpg,A777AA15
test/1407.jpg,O530XM77
test/2220.bmp,T191XC99
test/64.jpg,K001XH71
test/1208.jpeg,O132TT47
test/224.jpg,C787EA77
test/833.jpg,K410HB54
test/2440.jpg,E902XA46 E415HK46
test/719.bmp,A886XO35
test/2974.jpg,A803CM177
test/440.jpg,A044BK150 A883ET99 O404OY150
test/1478.jpg,O001HB190
test/2012.bmp,Y409AY35
test/2632.jpg,X079HK74 X601KP174
test/91.bmp,H122YM77
test/2391.jpg,K40EB33
test/2883.bmp,A363CA35
test/2257.jpg,P323OO34
test/1552.jpg,E731XA29
test/1334.jpg,T303YP86
test/3019.jpg,E804OB32
test/792.jpg,K886BH32 A834KT197
test/2575.jpeg,P017MX69
test/236.jpg,K667BK29
test/1296.jpg,K800EK125
test/345.bmp,B969EH35
test/1689.bmp,B532TT35
test/2763.jpg,E897BM152
test/1735.jpg,B337AA77
test/733.bmp,T681XH35 T34Y35
test/2272.bmp,T307XY35
test/2198.jpg,P424ME11
test/2090.jpg,H343HT69
test/162.bmp,A183XB35
test/901.jpg,E313EC39
test/974.jpg,P284PC52 K080TX40 E142YY40
test/2704.bmp,T780AC35
test/1989.jpg,X697XX150
test/2085.jpg,B169AT177
test/2461.jpg,A656BT33
test/1588.jpg,A444MC97
test/789.jpg,X680TX54
test/337.bmp,T894TK35
test/2846.jpg,A150YK35
test/1443.bmp,Y954KM177
test/2627.bmp,B293XE35
test/2640.bmp,E440AM35
test/602.jpg,B339YA64
test/2460.jpg,A109OX72
test/221.jpg,H331TP16
test/1511.jpg,X753PM76
test/374.bmp,T789HK76
test/2357.jpg,B957HB35
test/1067.jpg,C045EB125
test/1681.bmp,K860EE01
test/1072.jpg,A225KK164
test/3068.jpg,T882PT150
test/530.jpg,M840MX16
test/1466.jpg,Y298AA123
test/2578.bmp,B768HY35
test/2131.jpg,H689BA197
test/73.jpg,A672MM77
test/2450.bmp,Y012EE35
test/584.jpg,C684KK190
test/1710.bmp,B748PA35
test/776.bmp,Y798OB54 H273YO54
test/2604.bmp,B460EH35
test/2356.bmp,E243AH35
test/1268.jpg,O935CA98
test/2177.bmp,C752OA35
test/1768.jpg,A973HT21
test/2115.jpg,B005MY174
test/2132.bmp,T984OA35
test/2195.jpg,Y190EA33
test/288.bmp,P764MO35
test/749.jpg,B534XT177
test/2335.jpg,O324YB42
test/101.jpg,B392HB174
test/96.jpg,C275KO57
test/2745.bmp,B516OK35
test/2148.jpg,A777TB102
test/2680.bmp,B152TT35
test/2783.jpg,H779HH55
test/883.jpg,X005TK177
test/1491.bmp,B231EH35
test/664.bmp,B283CM35
test/1542.jpg,C478EX52
test/1994.jpg,A831TO199
test/2342.jpg,C877HA163
test/2791.jpg,H444OO18
test/40.jpg,C999YE71
test/2141.jpg,H107EB60
test/2135.jpg,H826XH54
test/167.jpg,E555EE48
test/532.jpg,A324TM86
test/2497.bmp,B131EE35
test/3132.jpg,K511XK54
test/1757.jpg,E950KX04
test/3176.jpg,A721HT69
test/2683.jpg,A482PT79
test/2589.bmp,B444HY35
test/1161.bmp,A083YY35
test/2325.jpg,M534YM54
test/3152.jpg,A970HM154
test/164.jpg,P331PT116
test/1223.bmp,O086AO37
test/1807.bmp,T302CO35
test/1963.jpg,A300MA69
test/2903.jpg,K940XX199
test/3147.jpg,A735XH199
test/1612.bmp,B676CM35
test/94.bmp,E755AB35
test/2487.jpg,A097EE159
test/123.bmp,T706YO35
test/1675.jpg,H070YA24
test/862.jpg,C833CC71
test/1641.jpg,O535PK177
test/2066.jpg,C386KA77 T729TY77
test/1950.jpg,C599KO46
test/933.bmp,O760MM54
test/550.bmp,C202CB35
test/491.bmp,T170MB35
test/1388.bmp,B291HY35
test/3083.jpg,E903OA40
test/822.jpg,A398MO37
test/2856.jpg,E020EH48
test/1982.jpg,H015MH161
test/3014.jpg,O176OO69
test/2179.bmp,H310YE35 O494MK35
test/522.bmp,B201YT35
test/2156.jpg,C363BK58
test/997.png,X580XX36 AX227000 A440984
test/277.jpg,A939CA53
test/2445.jpg,B407PM72
test/2053.jpg,M293TA97
test/1451.bmp,E698AB35
test/2420.jpg,H986PC36
test/2572.jpg,M013EH71
test/3056.bmp,B367BK35
test/591.jpg,K583YK54
test/2055.jpg,M888EX177
test/911.jpg,T859OC66
test/1541.jpg,K976EO61
test/2506.jpg,B463XP64
test/2081.jpg,T759MX47
test/2271.bmp,B098TA35
test/2043.jpg,K94EP99
test/1657.bmp,B750TC35
test/2475.jpg,X757OY54
test/1099.jpg,A652PO21
test/1851.jpg,X605XC54
test/2603.bmp,B159CB35
test/2695.jpg,C702YT199
test/2264.jpg,B055OM98
test/3063.jpg,K236CB99
test/2315.jpg,H825EB54
test/322.jpg,C300CP43
test/2494.bmp,B197CB35
test/1589.jpg,E124EX197
test/2890.jpg,M151MO90
test/527.jpg,E218EC96
test/780.jpg,P754EC62
test/55.bmp,O022MB33
test/947.bmp,B162TT35
test/2482.bmp,E684AB35
test/298.jpg,O545OO39
test/100.jpg,P152HT54
test/2045.jpg,O062AH12
test/2649.jpg,O251EM90
test/1275.jpg,A789HB178
test/3077.jpg,B009YA42
test/1041.bmp,B447AK35
test/2720.jpg,P702HP64
test/731.jpg,O938MC199
test/1955.jpg,H332KM197
test/432.jpg,P163KK64 E008CB34
test/1332.jpg,Y055CA12
test/3122.png,T789EY199 A789EB197
test/2054.bmp,B543YX35
test/1132.jpg,H487MO29
test/2118.jpg,E370YX54
test/448.jpg,K112TM116
test/1698.jpg,P143TP77
test/1975.jpg,P079PH99
test/1286.bmp,B259YX35
test/2667.jpg,A434MO33
test/2587.jpg,Y333ME197
test/820.bmp,T766MY35
test/2892.bmp,B087PC35
test/2065.bmp,B821CK35
test/2835.bmp,B286HX35
test/665.jpg,P672XP96
test/2080.bmp,B220XM35
test/2245.jpg,E032TO29
test/450.jpg,B180XP64
test/445.jpg,H400CC199
test/1256.jpg,A414OO35
test/1391.jpg,A777EY71
test/2191.bmp,B984OO35
test/2613.jpg,X816MY197
test/1554.jpg,K900BC190
test/1226.jpg,Y496CX199
test/2898.jpg,H044PM58 E008KA197
test/2166.jpg,K656MC70
test/1991.jpg,K948KE27
test/241.jpg,T202CX54
test/2242.jpg,X628XP54
test/1176.jpg,O888BX97
test/3139.jpg,K947PH62 B710HO62
test/2728.jpg,A527OC27
test/783.jpg,T777PO25
test/1670.jpg,K384AA58 H931XO58
test/2098.jpg,O876OO77
test/1049.jpg,E795PC52
test/37.jpg,E040OT62
test/2746.jpg,E237AE50
test/1700.jpg,P995H96
test/1447.jpg,K041AA163
test/2505.jpg,T528OM69
test/140.jpg,X644OY54
test/1109.jpg,B593BX152
test/1831.bmp,Y929EE35
test/1690.bmp,E061BM35
test/2448.jpg,Y010TM76
test/802.bmp,X065PT190
test/2413.jpg,X497MM174
test/1694.png,O784OO98
test/2539.jpg,A082MP97
test/2697.jpg,T337TT24
test/1012.bmp,B876BT35
test/3005.jpg,Y04ME197
test/2625.jpg,O236YX39
test/937.bmp,B362MA35
test/813.jpg,B159TM46
test/63.bmp,C789HH35
test/2355.bmp,P697CB35 A966CE134
test/2758.bmp,X533Y190
test/47.bmp,T209AY35
test/3108.jpg,E126OC74
test/866.jpeg,X471PO177 T125HY199
test/2762.bmp,A197CK199
test/1946.jpg,E913AH178
test/1734.jpg,B899H116
test/1374.jpg,T165TT64
test/2748.bmp,B319XM35
test/1638.jpg,O333XK74
test/2468.jpg,Y888BC97
test/1578.jpg,T759EB178 T780EB178
test/341.jpg,A773OM35
test/2380.jpg,O9YH96
test/1787.jpg,P304EX197
test/1580.jpg,P456PE54
test/1826.jpg,H827KE72
test/208.jpg,K812PK177
test/1305.jpg,H489YY29
test/2337.jpg,Y902AX50 T200AA70 T864BK50
test/2122.jpg,M296PP33
test/1261.bmp,B979YT35
test/2922.bmp,B058XK35
test/451.jpg,B155CB67
test/622.bmp,C835HM35
test/2196.jpg,A004MP97
test/1747.bmp,B138YX35
test/2126.jpg,O496EX98
test/2592.jpg,M770OB44
test/92.bmp,C707KK35
test/2687.bmp,K817MA29
test/406.bmp,C759XK35
test/2703.jpg,E111EE32
test/1760.bmp,B683YM35
test/1204.bmp,A092MP97
test/2427.jpg,O777KA69
test/3171.jpg,C447TX54
test/1386.jpg,A917AY163
test/2541.jpg,C777CC97
test/859.jpg,Y305EB54
test/486.jpg,H591PH116
test/2232.bmp,B708YX35
test/196.jpeg,E060XE199 E702CK197 H575MX19
test/2510.jpg,A684AA97
test/1174.jpg,M977MY197
test/447.jpg,P704CO47
test/625.jpg,H169TP29
test/824.jpg,C717CO150
test/2784.bmp,P319XM197
test/1707.bmp,A621XB35
test/207.jpg,E444MO174
test/509.jpg,M007TX97 Y910AC177
test/2982.bmp,A565TX35
test/2211.jpg,A328AA177 A001AA199
test/2143.bmp,H026BB199
test/1045.bmp,B693AK35
test/2438.jpg,P145MP16
test/198.jpg,Y173PX54
test/558.jpg,T788EA77
test/200.jpg,A903HA77 C837TC77
test/1565.jpg,T912PT54
test/2874.jpg,K003AK23
test/2861.png,O674MP178
test/1762.jpg,P711ME197 A721CP19
test/2859.bmp,A589TY35
test/2037.jpg,P911PP150
test/1197.bmp,B324PC35
test/2476.bmp,T307XX35
test/1658.jpg,T812KX66
test/580.jpg,O503HH174
test/1233.jpg,O015OC98
test/2970.bmp,E764AX35 B262YT35
test/2653.jpg,M877EP51
test/2299.jpg,A217EE56
test/2715.jpg,M756CT44
test/1246.jpg,M392CY42
test/1303.jpg,C207EM76
test/1401.jpg,M647MA68
test/504.bmp,Y252AT35
test/2935.jpg,E160AB72
test/1160.jpg,H552XH163
test/2401.bmp,E201AX35
test/1218.jpg,E517OX177 A519PH177
test/2885.jpg,K404MH32
test/2755.jpg,B265KB116
test/1147.bmp,A725TH35
test/56.jpg,E010PC29
test/1665.jpg,B939AA116
test/2493.jpg,K491OE54
test/2992.jpg,M050OA190
test/1092.jpg,A862PO27
test/1510.jpg,Y070KY43 T130TT43
test/328.jpg,A704OP47
test/1102.bmp,B206CK35 T728MC35
test/1029.jpg,A241BO98
test/798.bmp,A008KB21
test/981.jpg,C688OH54
test/1543.jpg,X925XE54
test/1951.bmp,C56XT35
test/1171.bmp,B813EO35
test/2311.jpg,K701YX102
test/1141.jpg,K009KA32
test/2041.jpg,H474XM29
test/1878.jpg,H804KY72
test/397.jpg,X018MH69
test/1373.bmp,T400KM35
test/1153.jpg,H339PO29 H911YT29
test/1640.jpg,P001M44 B001AB43
test/295.jpg,C604YH86
test/2283.jpg,T864XM197
test/1009.jpg,H960BM44
test/877.bmp,A138TC35
test/1930.jpg,E599MK178 A757OB178
test/1032.jpg,H333BP116
test/2340.jpg,O393OO71
test/1368.jpg,P749EB60
test/585.jpg,C058EE64
test/786.jpg,B573CH66
test/2281.jpg,C909KB71
test/1051.bmp,E948BO35
test/510.jpg,T644H102
test/2583.jpg,P751TK64
test/226.jpg,A093AA01
test/1549.bmp,B203EE35
test/545.bmp,B598OO35
test/1537.jpg,O272TT48
test/821.jpg,Y055OX52 A008CO152
test/69.jpg,K500TO32
test/601.jpg,M473YP177
test/1260.jpg,E146CK199
test/720.bmp,C226OC35
test/1033.bmp,B167TA35
test/3182.jpg,K340XE46
test/1207.bmp,B461KE35
test/2433.jpg,T308BB102
test/1011.bmp,B457KX35
test/2042.jpg,A747AA90
test/3062.jpg,Y366OB150
test/1.jpg,O001OO29 O005OO26
test/402.jpg,K145OK116
test/51.jpg,A838HA27
test/2039.jpg,T556HT69
test/1725.jpeg,M004MM77
test/1732.jpeg,Y003KK190 X248YM150 A082MP97
test/449.bmp,T514OY190
test/1718.jpg,X206EO60
test/738.bmp,T654XY35
test/1441.bmp,B038AK35
test/2170.jpg,M724XP163
test/2373.jpg,M200MM50
test/2192.bmp,B698XM35
test/1319.jpg,K200MY197
test/3001.jpg,A324XA97
test/1986.jpg,B444HH177
test/184.bmp,Y133YC35
test/666.jpg,B001TT199
test/415.jpg,T515PO98
test/2600.jpg,H089AA99
test/1157.bmp,T908OA35
test/3124.jpg,O999AA163
test/219.bmp,B031BT35
test/633.jpg,H007HB47
test/424.jpg,K644PC54
test/2176.bmp,A682PB35
test/562.jpg,O001MM197 K001OT77 C080TM98
test/1434.jpg,M859CE27
test/1959.jpg,T413BB177
test/1387.jpg,O775MX177
test/1195.bmp,B681HB35
test/1052.jpg,M084TY72
test/2543.jpg,K459KY71
test/1709.jpg,B555YB98
test/155.jpg,E027EA197 Y007EY150
test/2302.jpg,B286MM77
test/2810.bmp,B003YH35
test/2638.bmp,B944BC35
test/2202.jpg,A002MO150
test/655.jpg,M907HX54
test/2688.jpg,M202OM97
test/258.jpg,X558OC54
test/2072.bmp,B582EH35
test/1042.jpg,E863OM77
test/869.jpg,A127MO77
test/2813.jpg,M964TE58
test/1886.jpg,K832TM54
test/1904.jpg,C900EO97
test/2274.bmp,A810CH35
test/643.jpg,P604MH197
test/2086.bmp,B458AK35
test/2848.bmp,A710XA35
test/2174.jpg,H100BO64
test/351.bmp,B993XK35
test/2936.bmp,T607BA35
test/567.bmp,T208AM35
test/1625.jpg,T127CM76
test/2259.jpg,M061MM99
test/413.jpg,E050HH116 M117KT116
test/2017.jpg,B412YX152
test/1833.jpg,E459MM75
test/1322.jpg,E087XM177
test/379.jpg,E111BX199
test/2047.jpg,O999YH64
test/2297.bmp,T413HH35
test/1170.bmp,B304TT35
test/1584.jpg,M010HK76 B688EX64
test/1124.jpg,X246CC54
test/1392.bmp,B856XC35
test/706.jpg,M222PB26
test/581.jpg,Y150YY24
test/677.jpg,P504HT69
test/1518.jpg,C162EH70
test/1655.jpg,B898MP77 C311PT199
test/2660.bmp,B102KX35 B303TC35
test/2225.png,A786AA178
test/2864.jpg,H327TM47
test/2344.jpg,Y971CB64
test/2950.jpeg,K949KK39
test/214.jpg,T200TT50
test/291.jpg,M500CM98
test/2150.png,H500YB55
test/1244.jpg,M658MM90
test/190.jpg,B690XO64
test/1060.bmp,Y011KK35
test/662.jpg,E178TX32
test/1432.bmp,A830XO35
test/714.bmp,H707HE17 B737KX35
test/1211.jpg,B612XY16
test/1131.jpg,K020BY199
test/395.jpg,P235HE190
test/2395.bmp,B822AT35
test/2969.jpg,A221EY122
test/2209.jpg,M980PT16
test/176.jpg,E011AA123
test/650.jpg,M541HH76
test/975.jpg,Y706YY64
test/3098.jpg,T527BB54
test/689.jpg,A326YA08
test/1830.jpg,A12AA199 C209AT199
test/2573.bmp,M505EC71
test/1439.jpg,M030XE102
test/145.jpg,P378Y50
test/323.jpeg,K656AO77 O732EA77 Y395XY97
test/627.bmp,T526TY35
test/2094.jpg,X105ET77
test/898.jpg,H837MB96
test/3026.jpg,P787ET125
test/232.jpg,C113OT62
test/782.bmp,T915TK35
test/1494.jpg,M739MT197
test/867.jpg,B514MP77
test/942.jpg,B471MP77
test/3159.bmp,B542CX35
test/1406.bmp,P954TA35
test/199.jpg,B358HB150
test/2760.jpg,H684HH190
test/3113.jpg,M217MM98
test/847.bmp,B721PA35
test/1717.jpg,C777KY35
test/705.jpg,X460AK52
test/346.bmp,B508CK35
test/49.jpg,X379EB54 X870EB54
test/2939.bmp,T222OX35
test/2222.bmp,B361BT35
test/117.jpg,A888XC05
test/2352.jpg,H895EX98
test/1648.jpg,X555OM33
test/377.jpg,Y002AP52
test/2979.jpg,H718OB76
test/490.jpg,E777KX16
test/725.jpg,B005HP190
test/608.jpg,Y053BP125
test/380.jpg,E960MM29
test/2873.bmp,Y326EY35
test/830.jpg,B604AT17
test/1585.bmp,E114AM35
test/255.jpg,P475OP199
test/2025.jpg,C222HC43
test/2377.jpg,M919XM96
test/2240.jpg,E999AB116
test/1500.jpg,
test/3053.jpg,B504BP190
test/2145.jpg,T001MP77
test/292.jpg,B487KT199
test/336.jpg,H018XP98
test/2803.jpg,P714CA34 Y041OH34
test/1100.jpg,E317BH197
test/3080.jpg,B555HB125
test/1467.jpg,A221EA197
test/2287.jpg,C631YT06
test/1593.jpg,K484AO199
test/1985.bmp,B655OK35
test/819.jpg,O586OO37
test/1703.jpg,O948YB86
test/2084.jpg,A781EK199
test/676.jpg,Y450OP150
test/2629.jpg,H301PH61
test/430.jpg,M444KT197
test/280.jpg,M272PC199
test/1695.bmp,Y739EP35
test/760.bmp,B767TA35 B890MB35
test/3016.jpg,T777KK36
test/1110.jpg,X007TE25
test/2932.bmp,T960EY35
test/249.bmp,B474PB35
test/1056.jpg,B812TC177
test/717.jpg,A722OO26
test/404.jpg,Y632BK199
test/1318.jpg,E128BC60
test/838.jpg,H072HX72
test/1693.bmp,B269AP35
test/1482.bmp,B241AT35
test/16.jpg,C910KH199
test/2305.jpg,K152OM77
test/2318.jpg,O265OO78
test/2550.bmp,C238OA35
test/1502.bmp,K097TM29
test/1243.jpg,H381EA54
test/2788.jpg,M728AO98 C001CH98
test/2659.jpg,B001XO64
test/1273.jpg,M874KE58
test/1653.jpg,X834XX90
test/2454.jpg,A295HT54
test/1813.jpg,B864CC72
test/2474.jpg,M609YC44
test/144.bmp,C505CX35
test/2577.jpg,C455TX97
test/2654.jpg,H611PE29
test/989.jpg,C007EB98
test/1573.jpg,E073PE177
test/1445.jpg,Y269XO54
test/3120.jpg,A777AP116
test/1974.jpg,M184EE54
test/1370.jpg,B243KT199
test/1203.jpg,O810OO150
test/1122.jpg,M001MT174
test/126.jpg,P990MY54
test/2547.jpg,A212EY152
test/1636.jpg,E254MY32 M555AB32
test/2681.jpg,B194OY150
test/1077.bmp,B577TP35
test/2436.jpg,P040HC64 E999KX64
test/2443.bmp,B943YM35
test/929.jpg,Y887AA47
test/499.jpg,M299CO71
test/1857.jpg,K272YM76
test/2611.bmp,Y821KO35
test/2772.jpg,X949CT98
test/229.jpg,Y945MP190
test/1795.jpg,
test/472.jpg,E775KM197
test/520.bmp,E877BK35
test/740.jpg,O717OO177
test/3110.jpg,H777YO71
test/1911.jpg,X726CH86
test/626.jpg,K006XY05
test/1514.jpg,A261ET60
test/1614.jpg,A367H199
test/2557.jpg,Y349HA98
test/2089.jpg,P406TY54
test/2621.jpg,T419EO197
test/290.jpg,M203AX05
test/1649.jpg,B163OX98
test/2668.png,A253OA178
test/2388.jpg,M008MX25
test/0.jpg,O195KC96
test/2998.jpg,E415MC25
test/865.jpg,A394HE197
test/2997.jpg,O515XB96
test/103.jpg,Y994MY197
test/956.jpg,M246KP54
test/350.jpg,B858TB76
test/2586.jpg,X152MK122
test/589.png,B799XP178
test/2743.bmp,B980CX35
test/2740.jpg,T001TT10
test/1228.bmp,B806PE35
test/943.jpg,Y686AC54
test/810.jpg,Y725KX69
test/1545.jpg,C720KT161
test/1834.jpg,K437EA46
test/2221.jpg,C316KA190
test/405.bmp,B463KK35
test/120.jpg,H118AA29
test/2646.jpeg,H501CT77
test/2327.jpg,C388XB96
test/2959.bmp,B235MA35
test/713.jpg,B416MA70 B386MA70
test/1251.jpg,K003TC27
test/546.jpg,X740OY54
test/443.jpg,T777TB54
test/1812.jpg,B438EO64
test/1382.bmp,O325PC38
test/1364.jpg,C786HA197
test/46.jpg,Y685YY98
test/343.jpg,P002PA57
test/1302.jpg,A120AA40
test/2102.jpg,M066PK44
test/2074.jpg,C070CC97
test/1068.jpg,P061PT190
test/327.bmp,B135OM35
test/270.jpg,B977HH40
test/253.jpg,O228EP99 X115OP177
test/217.jpg,K536HM46
test/3168.jpg,H306PC199
test/1338.bmp,C734YA35
test/496.jpg,A058KT27
test/973.jpg,A449CB154
test/642.jpg,T008BH52
test/930.jpg,A555BT197
test/873.jpg,B004MA71
test/688.bmp,C489CC35
test/67.jpg,T783XM199
test/1556.jpg,B000OP05
test/109.jpg,P150BE51
test/242.jpg,K782AE123
test/1604.jpg,O040MH197
test/615.jpg,B805KK116
test/3090.jpg,T013CM190
test/744.jpg,E599H123
test/525.jpg,E828YE199
test/1599.jpg,A617HX86
test/1023.bmp,B091Y35
test/2626.jpg,E070BP39
test/500.bmp,T499CH35
test/1838.bmp,A185OA43
test/2894.bmp,Y927AT35
test/784.jpg,K716MM32
test/2247.jpg,P575AY65 Y414PT64
test/2642.jpg,P071BC199
test/119.jpg,C967EC70 B010XP70
test/284.bmp,A387XH35
test/2328.jpg,B589PC152
test/1134.jpg,A007AA02
test/1384.jpg,C808PX97 B552TE150
test/906.bmp,AY435Y35 T019PH35
test/609.jpg,A198BB62
test/1529.jpg,A027AA136
test/2650.jpg,X707AM190
test/2596.bmp,B330YT35 B898ET35
test/1751.jpg,P555MX190
test/863.jpg,P662PX98 C725TB98
test/2513.jpg,O707OO96
test/2381.jpg,X661XP54
test/2414.jpeg,C332BH39
test/961.jpg,M584HO52
test/1526.bmp,B677AK35
test/2499.jpg,K789EP46
test/3006.jpg,H440HB44
test/2048.bmp,E203EA35
test/218.bmp,B452BE35
test/442.jpg,B327YP86
test/81.jpg,E502PC50
test/2976.bmp,Y494YC35
test/681.jpg,M600BA190
test/426.bmp,T009PO35
test/1190.jpg,M701EE71
test/1225.jpg,M028TA42
test/1509.bmp,B666OP199 X666AM199
test/301.jpg,X033XX71
test/1291.bmp,A970CB35
test/3106.bmp,C979OB35
test/2896.jpg,C070HY42
test/2904.jpg,T242KX35
test/964.jpg,E185MO75
test/1002.jpg,C444MC36
test/1953.jpg,P376XX54
test/314.jpg,P369AM72
test/736.jpg,A999EX159
test/3065.jpg,M127AK58
test/3040.bmp,C809MB96
test/2677.bmp,H872KH197
test/2946.jpg,E507HM17
test/1210.jpg,P381BM64
test/2521.bmp,B888EP35
test/2044.jpg,A193YM76
test/839.jpg,K23BT116
test/2320.jpg,P247BP50
test/245.jpg,P498PY163
test/840.jpg,M500YP26
test/1395.jpg,E829EY48
test/924.bmp,Y759BY35
test/66.jpg,H645PO54
test/3036.jpg,T906KY59
test/256.jpg,A396AA72 A369AA72
test/357.jpg,C871KK190 A111XH150
test/2958.jpg,O029OO96
test/870.jpg,T859OC66
test/1629.jpg,E829HE77
test/1864.bmp,A795YC35 B162M16
test/230.jpg,O173MK64
test/2236.jpg,A876KT90
test/1912.jpeg,K862BM50
test/2928.jpg,E700MC71
test/2919.jpg,C919BT53
test/1155.bmp,B399HC35
test/2944.bmp,O971BB35
test/554.jpg,C098XY98
test/457.jpg,X005HO54
test/1328.jpg,Y303MY150
test/2616.bmp,O891OY35
test/1074.jpg,P875OP55
test/401.jpg,A729AA29
test/1691.jpg,H777AY163
test/3163.bmp,A419CC35
test/767.bmp,Y976BX35
test/2652.jpg,M276EX125
test/3150.jpg,B476YH163
test/398.jpg,A869XY24
test/1298.jpg,M666KC64
test/1538.jpg,O864AM161
test/2834.jpg,O737AH96
test/2154.jpg,A007PA76
test/878.jpg,C524EM76
test/730.jpg,A145TH163
test/560.jpg,B628AK152
test/2766.jpg,T544TM76
test/1479.jpg,A222AO197
test/2769.jpg,O912AA154
test/1814.JPG,T462AM777
test/1971.bmp,A934YC150
test/3153.jpg,T987YO54
test/1424.bmp,B644YM35
test/1008.jpg,C733XX97
test/871.jpg,H515OH30
test/2228.bmp,B313CP96
test/1343.bmp,T539AY35
test/422.jpg,O592TO70 B515TC70
test/1308.jpg,A903HA77 C837TC77
test/95.bmp,Y720AT35
test/791.jpg,
test/3022.jpg,A437AA21
test/521.jpg,Y010YB54
test/2585.jpg,O185TX54
test/1967.bmp,A992XO35
test/2983.jpg,B100YO64
test/3187.bmp,B752HE35
test/2182.jpg,B888BB88
test/7.bmp,T315TK35
test/1632.jpg,X303XH99
test/484.jpg,A563CK76
test/3135.jpg,Y090BT161
test/2727.jpg,O922MC54
test/1512.jpg,K646TH199 K26PM77 K972OE77 B447TC197 K100MA177 O428XK190 K579MO40
test/2698.jpg,C605MB76
test/1605.jpg,E331OC54
test/695.jpg,B007KE35
test/2818.bmp,H794KP178
test/3024.jpg,X100XB54
test/939.bmp,B939HE35
test/1829.jpg,O455PM102
test/1282.jpg,B002MT13
test/188.jpg,K019HY36
test/205.jpg,P346EO54
test/313.jpg,M010HH32
test/1663.bmp,A573TC35
test/1907.jpg,Y687HP43
test/376.jpg,X433XK24
test/613.bmp,B428EO35
test/1945.bmp,A377YC35
test/1003.jpeg,P017MX69
test/2408.jpg,M100C66
test/1081.bmp,O071XM35
test/2298.jpg,M999YE24
test/1187.jpg,Y900OH98
test/1644.jpg,M230HA27
test/2991.bmp,E822BA35
test/1178.jpg,X008XT25
test/480.jpg,X672KT33
test/2112.bmp,B76C3555 Y768EB83
test/586.jpg,B209AM123
test/2549.jpg,Y348MC43
test/935.jpg,B789EM116
test/2882.jpg,T843TE77
test/2504.bmp,B488TP35 T528AC35
test/1801.jpg,H4655TT116
test/206.jpg,M954TC98
test/329.jpg,C491HA96
test/3052.bmp,E586EB35
test/2032.bmp,T453CH35
test/747.bmp,B374CM35
test/2887.bmp,B706YX35
test/2911.bmp,A208TB35
test/477.jpg,O072AB116
test/2008.bmp,C652OC35
test/1418.jpg,M567AM55
test/172.jpg,H344MA197
test/1501.bmp,T464KK35
test/1138.bmp,A791TY35
test/1715.jpg,X333AC190
test/2163.bmp,B821CK35
test/2088.jpg,E579TK31 X924CK77
test/1397.bmp,A413OC35
test/2214.jpg,Y832ET197
test/1017.jpg,B554CA96
test/2526.jpg,A216OY27
test/1350.jpg,A305EE21
test/246.jpg,Y764OP54
test/2183.jpg,X335XK54
test/1217.jpg,C225OC56
test/419.jpg,A043HP43
test/2113.bmp,AH410E35
test/1662.bmp,AE113E35
test/2857.jpg,P329OX54
test/960.jpg,H664BK116 B088XP177
test/1941.jpg,H144OK29
test/1262.jpg,P555PA47
test/2465.jpg,K999TE72 AM463K72
test/1566.jpg,A741AA155
test/2071.jpg,Y883EO22
test/3149.bmp,B894KT35
test/65.jpg,C579HP197
test/914.jpg,B209HC116
test/325.jpg,T673TT09
test/1091.jpg,K306CY177
test/641.jpg,H634OM69
test/1090.jpg,T483XP98
test/1172.jpg,O591OO99
test/1327.jpg,M381CH71
test/2403.jpg,K860MP69
test/2734.jpg,C818CT199
test/1577.jpg,C333KB67
test/3169.bmp,T753CB35
test/1436.jpg,C731TH96
test/8.jpg,P750BE54
test/1976.jpg,M617CB26
test/388.jpeg,O122AA16
test/1860.jpg,M924HK34
test/2536.jpg,B089XC64
test/1836.jpg,B652TM116
test/3041.bmp,T669CB35
test/2956.jpg,T006OO74
test/1797.jpg,BM65550 O266OH177
test/2941.jpg,A484HM177
test/1249.jpg,Y635YA25
test/2841.jpg,E582EE36
test/2429.jpg,H005EK125
test/326.jpg,O884MM96
test/2035.jpg,A278HH93
test/2231.jpg,M440YH72
test/1169.jpg,H372TT116
test/1624.bmp,B956KX35
test/362.jpg,O178MP98
test/1786.jpg,P888YA64
test/2073.jpg,P888PP70
test/611.bmp,A622C63
test/1981.bmp,B479CB35
test/983.bmp,A100MP97
test/1173.jpg,H285BC29
test/1117.jpg,M677YY150 H349KT44
test/514.jpg,M055AC124
test/1346.jpg,P002KK64
test/1737.jpg,O253HX69
test/268.bmp,T833EP35
test/400.jpg,C509YC197
test/1743.jpg,K995XA86
test/1191.jpg,X787YC52
test/1626.jpg,B666KY125
test/2333.jpg,B777AX142
test/438.jpg,P379AH78
test/2875.bmp,T937CK35
test/1827.jpg,Y080MY64
test/1901.bmp,P559OP35
test/2988.jpg,M404BE24
test/2488.bmp,B236MB35
test/175.jpg,A021OT199
test/1810.bmp,B627BX35
test/1940.jpg,P075CY64
test/3018.jpg,B459PH45
test/2722.jpg,K174MP190
test/1306.jpg,C700PP35
test/787.jpg,M444KM76
test/1031.bmp,B476XK35
test/1943.bmp,A446XB35
test/1214.jpg,C402HM24
test/2397.bmp,C817YE35
test/2500.bmp,B201HE35
test/2303.jpg,
test/297.bmp,A435TP35
test/1265.bmp,A123XO35
test/191.jpg,C166EA125
test/1083.bmp,E514BO35
test/1560.jpg,X181XH77
test/2843.jpg,K950EY75
test/254.bmp,X797XX35
test/1800.jpg,A135OK178
test/2056.jpg,A116YP116
test/170.jpg,A991BP152 O75OO150
test/1036.jpg,A555MH197
test/2188.jpg,C983KK62
test/2009.bmp,T661MB35
test/3138.jpg,A829AA02
test/1129.jpg,O070CH199
test/279.jpg,A226KO62
test/2651.bmp,B362HX35 B580PA35
test/1596.jpg,P377OE54
test/90.jpg,P333HC77
test/437.jpg,M640PB72
test/1808.jpg,H962EB54
test/159.jpg,A208KO43
test/2289.jpg,A029TX28
test/970.jpg,Y952PB86
test/2376.jpg,E693TP46
test/1730.jpg,K512KH166
test/944.jpg,T639OT78
test/1853.jpg,X319MT54
test/3039.jpeg,M406MT190
test/2409.jpg,Y090XB76
test/793.jpg,M122MP77 M344MP77
test/1353.jpg,X215EP125
test/3148.jpg,A822OX37
test/1158.bmp,E946BA35
test/1047.bmp,T454MY35
test/764.jpg,K111BP199
test/632.jpg,O400KA97
test/403.bmp,B075XM35
test/1402.jpg,C255XC71
test/1938.jpg,O588AB99
test/576.jpg,B777PX74
test/1150.jpg,C624CC163
test/2424.jpg,K003YC199
test/1224.bmp,B410H35 T409OO35
test/1919.jpg,Y510YC54 T396PE54
test/779.jpg,E453YA199
test/1539.bmp,E528AB35
test/1908.jpg,O281PY54
test/1073.bmp,T697OP35
test/3003.jpg,C300HP52
test/391.jpg,A202HO178
test/3096.bmp,B594YX35
test/1270.jpg,B033OP152
test/1363.jpg,X050KX64
test/2623.jpg,A555AE77
test/2121.jpg,A396TH77 Y938CK77 T738EK99
test/2266.jpg,Y707TH86
test/2633.jpg,X713XP54
test/2761.jpg,P148PM55
test/6.jpg,B776YC77
test/2020.jpg,C555BM72
test/142.jpg,C576EP53
test/1259.jpg,B287YE99
test/2737.jpg,A764KT197
test/70.jpg,E848XH32
test/2934.bmp,B478HA35
test/1321.bmp,T645XE35
test/358.jpg,C900HK76
test/1120.bmp,E611CK35
test/1995.jpg,X758OM54
test/1887.bmp,B427CB35
test/3165.bmp,B284MA35
test/2716.jpg,H418MC96 O844XC96
test/3131.jpg,P046CE64
test/712.jpg,A555AA43
test/742.bmp,B215AA35
test/1771.bmp,X767MB51
test/888.jpg,O728TY54
test/135.bmp,Y703EY35
test/2223.bmp,B664YT35
test/3034.jpg,M888TM150
test/209.jpg,C755KT51
test/104.jpg,M222OY102
test/1970.bmp,B442TT35
test/541.jpg,E431BO27
test/2007.jpg,A467MM77
test/1128.jpg,A144AB77
test/502.jpg,X274XX71
test/1775.jpg,O450OO72
test/774.bmp,T783CK35
test/2060.jpeg,C006KP197 M777MM99 E545KX99 A440AA34
test/2901.jpg,E878AO54
test/1497.jpg,B031OM69
test/3104.jpg,B555MB35
test/1013.jpg,O846KP96
test/2137.jpg,K482PB32
test/431.jpg,O161XO54
test/281.jpg,P260OK64
test/2556.jpg,P335CC34
test/382.jpg,K788MT161
test/418.jpg,M166OH58
test/275.jpg,P174BO197
test/2146.jpg,A320AA97
test/1877.jpg,H280HH54
test/2205.bmp,T623PP35
test/308.jpg,Y500BB150
test/831.webp,K852BT60
test/1385.jpg,H989MK77
test/1148.bmp,B979AK35
test/3008.bmp,B993PC35
test/1324.jpg,P786MP190
test/2565.bmp,T227XX35
test/150.bmp,A723CH35
test/727.jpg,C173CC93 T606ET93
test/2512.jpg,M197TO71
test/475.jpg,B524XK152
test/385.bmp,B521TA35
test/2230.bmp,E024AM35
test/2712.jpg,X812HH190
test/1924.jpg,H394XO199
test/698.jpg,C939EP99 X924BP99
test/2790.bmp,T585TB35
test/304.jpg,H224EX37
test/1400.jpg,C385P37
test/3009.bmp,B674HX35
test/1824.bmp,O048CA38
test/1106.jpg,A626XK24
test/1059.bmp,B725XM35
test/1869.bmp,E537AM35
test/189.jpg,B960MC72
test/25.jpg,C691CY177
test/2523.jpg,M651PH58 K011HX58
test/2399.bmp,P116HO35
test/1550.bmp,AH270O35
test/1165.jpg,A890KC152
test/320.jpg,X108XB54
test/2532.jpg,M076MM52
test/3055.jpg,B450PX70
test/1179.jpg,P555EH16
test/197.png,O100CA178
test/2239.jpg,M507MM99
test/651.jpg,Y139YB54
test/3115.jpg,O003CA63
test/2768.jpg,X177CA98
test/508.jpg,M165MM71
test/111.jpg,B444AY116
test/804.bmp,T264XE35
test/1356.jpg,E777EA32
test/383.png,E080CP35
test/1763.jpg,M293EP197 K612MO197
test/1609.jpg,M286HH54
test/1611.bmp,B584TA35
test/910.jpg,H571BH29
test/918.jpg,K514BH48 C674CM177
test/592.png,A00AA59
test/2840.jpg,H227ET71
test/982.jpg,A002AA177
test/1119.jpg,C555AA05
test/952.jpg,O234ME54
test/1984.jpg,A135YT86
test/3181.jpg,B521BC89
test/3038.jpg,K681KA03 C231CH24 H703EC03
test/739.bmp,B911AC35
test/2563.bmp,B373TP35
test/17.jpg,E951EE152
test/2003.bmp,B781MA35
test/2093.bmp,A362MP97
test/817.jpg,E871AE63
test/1133.jpg,C916PO50
test/2210.jpg,K090HB199
test/552.jpg,P462EO86
test/1168.jpg,K101OO62
test/1936.jpg,P928PP64
test/2075.jpg,A111OH58
test/663.jpg,C895CP43
test/138.jpg,P555MX190
test/1136.bmp,B354XM35
test/563.bmp,B301TC35
test/1297.jpg,H666YB150
test/1564.bmp,T606XP35
test/2538.jpg,B387KP197
test/886.bmp,C383CC35
test/1753.jpg,A099AA163
test/1881.jpg,O717YM96
test/1772.jpg,M527MM99
test/1366.jpg,M11AM197 O716MO50
test/3145.bmp,P228YK35
test/1115.jpg,P164HK64
test/3047.jpg,K500PK58
test/1201.jpg,A809EB01
test/276.bmp,T774XH35
test/1064.jpg,B757BE178
test/1506.bmp,C441HH35
test/2290.jpg,E661MC116 B792EA66
test/93.jpeg,P253BT50
test/1221.jpg,C234AP50
test/3049.jpg,A160ME74
test/1339.jpg,C379PP99
test/1893.jpg,O233KC51
test/2024.jpg,B562PP76
test/3066.jpg,Y884EH03 M600EO03
test/894.jpg,H001EE54
test/1551.jpg,T080HB150
test/2872.bmp,B444KK35
test/2767.jpg,A394AA78
test/1399.bmp,T697YX35
test/3025.jpg,X961TA54
test/2708.bmp,T846TC35
test/2599.jpg,C863MP53
test/1796.jpg,K081KX163
test/3126.bmp,B571CX35
test/2.jpg,H030MB33
test/1463.jpg,O900OB96
test/2439.jpg,P021MK64
test/2304.bmp,B552CB35
test/2989.jpg,H882CM54
test/1061.jpg,M440BO199 E988MT44
test/2095.jpg,A872EA197
test/1519.bmp,B926XE35
test/1856.jpg,T14O93
test/409.jpg,Y446KT51
test/1105.jpg,K440XA86
test/507.jpeg,O100TT78
test/1299.jpg,A049AX93
test/3179.jpg,X029AX190
test/1352.jpg,O856BP96
test/1972.bmp,B477CC35
test/360.jpg,E454MB161 P750OC161
test/2168.jpg,O301OO56 O080OO56
test/2624.bmp,B573KK35
test/1367.bmp,B781OH35
test/692.jpg,P929EY174
test/2285.jpg,A743XA199
test/2620.jpg,M800PM37
test/524.jpg,T638XB177
test/394.bmp,B460OK35
test/1021.bmp,Y948KO35
test/2481.jpg,P551YE177
test/761.bmp,C849TY35
test/1570.jpg,Y269CX66
test/1057.jpg,P026PC64
test/1189.bmp,B707HA35
test/1910.jpg,C793EP54
test/2416.jpg,K408HB197
test/2492.jpg,X001OY86
test/771.bmp,A568CE35
test/559.jpg,B994KX64
test/2052.jpg,A215AA93
test/1685.jpg,H202BK116
test/2049.bmp,C383OK35
test/1917.jpg,Y508MA22
test/1198.jpg,X406EX64
test/972.jpg,C900OO36
test/2458.jpg,B876XY116
test/417.bmp,B679HY35
test/2984.jpg,E304EE125
test/1470.png,O015MO98 T924YB178 A704PE173
test/1790.bmp,Y175AE35
test/2005.jpg,T757ME190
test/2954.bmp,B892MA35
test/765.jpg,A753AA39
test/2275.jpg,X171MB27
test/265.jpg,A003XA199
test/849.bmp,T923XE35
test/860.jpg,E705HE161
test/1587.jpg,B662OO64
test/2854.jpg,P903BY64
test/3162.jpeg,A214AA77
test/2705.jpg,X373CX199
test/2194.jpg,X880XO24
test/2478.bmp,B857TT35
test/1027.jpg,O957ME72 T397YE86
test/1571.bmp,B629CB35
test/243.jpg,C941PM97
test/407.jpg,C151BA54
test/160.jpg,A005AH152
test/660.jpg,H332MY71
test/1883.bmp,P702YO79
test/118.jpg,O9TM999
test/3092.jpg,M013PX102
test/1937.jpg,P334BM197
test/2823.jpg,K513PH32
test/127.jpg,K976XY27
test/2819.jpg,E185EE32
test/444.jpg,O999KE197
test/1413.jpg,O476OO50
test/2140.bmp,T732KP35
test/2123.jpg,K209XH46
test/3084.jpg,M992EK197
test/1923.bmp,T312PA35
test/1933.jpg,Y610KX190
test/2644.jpg,H100TA29
test/227.bmp,Y516EY35
test/2360.jpg,H819HK69
test/1684.bmp,H542OE197
test/134.jpg,P635AX54
test/3048.jpg,Y814BA52
test/1738.jpg,B222EK90
test/2723.jpg,K018OX177
test/361.jpeg,Y341KY199
test/10.jpg,T477PY197
test/364.jpg,B601CM86
test/941.jpg,Y704TH86
test/2615.jpg,X808HO174
test/1271.jpg,C151BE70
test/2346.jpg,A540BH154
test/2313.bmp,T630YB35
test/1469.bmp,E139AX35
test/2851.jpg,T831MO50 H525EP99
test/1250.jpg,M983HM76
test/1942.jpg,X505BX21
test/3002.jpg,P104HT116
test/2385.bmp,E203EA35
test/1688.bmp,A439PB35
test/735.bmp,T570OP35
test/2422.jpg,T004PB199
test/814.bmp,B199OO35
test/2404.jpg,A103XT34
test/3035.jpg,K991CA72
test/2446.jpg,H468AH123
test/2948.jpg,H301EX125
test/88.jpg,H681AP29
test/2069.jpg,Y260HT52
test/1139.jpg,T700TT77
test/2999.bmp,B113MA35
test/381.jpg,O688YP55
test/544.jpg,X786HA161
test/2018.jpg,E329MH36
test/3027.jpg,B861HH43
test/1333.jpg,K001KK01
test/2503.bmp,Y865AC35
test/3031.jpg,O999KK163
test/387.jpg,C888XH71
test/2265.bmp,O048CA38
test/2836.jpg,E743KM197
test/2129.jpg,X007BK43
test/1926.bmp,A307XH35
test/272.jpg,Y950PB86
test/1875.jpg,P012CB12
test/2855.jpg,B606OO64
test/2564.jpg,O999HO25
test/2514.jpg,M447BP197
test/478.jpg,E900MY174
test/222.jpg,H251OX62
test/420.jpg,X414KY52
test/2781.jpg,C497KE51
test/1954.jpg,B399AH178
test/716.jpg,Y021YY36
test/2138.bmp,T242TK35
test/788.jpg,Y256KM51
test/763.jpg,P013EY34
test/464.jpg,B36HX199
test/1602.jpg,M44XE72
test/1643.jpg,B222YK177
test/2323.bmp,T500EH35
test/3123.bmp,AH311M35
test/2218.jpg,K463EC197
test/3097.jpg,C081PT64
test/2079.jpg,O514XT98
test/1546.jpg,M036HY36
test/2609.bmp,B703YY35 E654AB35
test/2107.jpg,M210MP90
test/2631.jpg,P426OE54
test/2498.jpg,H118HM69
test/1668.jpg,M803OE69
test/2158.bmp,Y89A35
test/669.jpg,A485EK154
test/2294.bmp,Y522KK35
test/1320.bmp,T343YY35
test/220.png,C649BK178 Y310KP47
test/32.jpeg,P013PP39
test/1496.jpg,M610HX54
test/1931.jpg,H363YB29
test/1845.jpg,B739TE22
test/2034.bmp,B995BT35
test/892.jpg,P017EE190
test/1906.png,O177OO199
test/3170.jpg,B632YB64
test/493.jpg,M334TM76
test/766.jpg,Y932TH86
test/2402.bmp,B2220TA35
test/2804.jpg,K645YY63
test/310.jpg,K001OH99
test/372.bmp,Y806BY35
test/1063.jpg,K050YE76
test/3010.jpg,O006EO24
test/652.jpg,A885AB197
test/1285.bmp,B667TT35
test/1427.jpg,B967AK190
test/624.bmp,E656AA35
test/2527.jpg,H008ET72
test/307.bmp,B718HY35
test/619.bmp,B847PB35
test/240.jpg,H838AK48
test/832.jpg,P949BY64
test/3146.jpg,A656HK27 A553KX27
test/2588.jpg,M665TH177 H179YO150 H146MK40
test/2733.jpg,M022EO40
test/3076.jpg,O534XC96
test/441.jpg,E838EM98
test/2876.jpg,A219BE178 P917AB78
test/2923.jpg,K689OB71
test/2114.jpg,M373TO39
test/1890.jpg,T687KP51
test/2520.bmp,T987TC35
test/1342.jpg,K993BH32 E032KY32
test/1736.jpg,B777HT43
test/2807.jpg,Y728YY98
test/1733.bmp,B230OO35
test/370.bmp,T801KK54
test/1785.jpg,C025CC29
test/1755.jpg,A031MP97
test/1030.jpeg,Y999XC56
test/3071.bmp,B004MC35
test/2955.jpg,B062OP152
test/22.jpg,C556KH177
test/3133.jpg,B007ME102
test/1213.jpg,P367MB64
test/2015.bmp,B137CB35
test/1215.jpg,P287HY96
test/2058.jpg,E279EB60
test/1377.bmp,T970CH35
test/3046.bmp,T665KK35
test/855.bmp,B843AC35
test/2279.jpg,H200YY99 M1880M15
test/2343.bmp,B101EK35
test/1378.jpg,P001TT74
test/1460.jpg,P048EA54
test/1065.bmp,B459BK35
test/1194.jpg,P648CH199
test/565.bmp,X150XX35
test/1932.jpg,T415HM76
test/3030.jpg,P053CO96 X888CE66
test/1020.bmp,T651BH35
test/673.jpg,X982OH62
test/1290.bmp,T776TE35
test/248.jpg,Y197PX78
test/1437.jpg,H572OY116
test/1727.jpg,E060AT150
test/2960.jpg,K814OC69
test/3042.jpg,K515HC16
test/1866.jpg,M165TB86
test/896.bmp,B245CM35
test/1462.jpg,P562MM96
test/3154.jpg,P777BP56
test/2051.bmp,B498OB35
test/797.bmp,B02K35
test/723.jpg,A007XM199
test/1380.bmp,B785ET35
test/994.bmp,B091YY35
test/1704.jpg,T070KO43
test/684.jpg,H931BM99
test/408.jpg,P800KH33
test/3037.jpg,K530ME98
test/1572.jpg,O186PE77 H777YK190 B378XB197
test/79.jpg,C853KE197
test/3050.jpg,H741PE163
test/1229.jpg,E811OH199
test/531.bmp,B769BK35
test/1125.jpg,O630KY163
test/2345.jpg,O400XK98
test/2739.jpg,M092MM52
test/2238.jpg,H279MP90
test/3164.jpg,B870YC72
test/2149.bmp,B520PP35
test/53.jpg,E010EE190
test/1603.bmp,A875KKX35 B878EH35
test/1495.jpg,K403AK116
test/2686.jpg,O561BB197
test/1281.bmp,T862OP35
test/2673.jpg,H567BA23
test/517.jpg,K302PC152
test/2862.bmp,E296AX35
test/250.jpg,
test/987.jpg,X800XX150 BC20BP29
test/1085.jpg,O523XH24
test/3186.bmp,A184XE38
test/1610.bmp,
test/487.jpg,B619YM47
test/1365.jpg,A479MP154
test/192.jpg,H156EX74
test/38.bmp,A368CB35
test/1354.bmp,T844PX35
test/1335.jpg,B064TK163
test/1438.jpg,Y843YT35
test/463.jpg,Y141HO77
test/74.jpg,A297TT93
test/2348.bmp,E293BM35
test/3012.bmp,T511XA35
test/1885.jpg,H933OX29
test/1175.jpg,H576AM116
test/1369.jpg,C247OM55 H424TB55
test/125.bmp,B336HE35
test/672.jpg,X722PB54
test/1806.jpg,X311KM54
test/1230.jpg,K956BP197
test/1159.jpg,E9PB66 T530YP86
test/718.jpg,B222OY102
test/1559.bmp,A725TY35
test/1113.jpg,X196XX61
test/2664.bmp,Y939AA35
test/1568.jpg,B153HX161 H872OP161
test/348.bmp,T246MC35
test/1419.jpg,A681OE22
test/2394.bmp,X948X35
test/3067.bmp,B55TA35
test/2068.bmp,Y082YP190
test/670.jpg,E711PB159
test/2031.bmp,B151PM35
test/98.bmp,B466PA35
test/2842.jpg,O500AY197
test/1247.jpg,M545OX116
test/315.bmp,T647PO35
test/2741.jpg,P385PB54
test/826.jpg,H875KP197
test/2511.jpg,C910OX66
test/539.jpg,Y717OP86
test/1714.bmp,B326OK35
test/1200.jpg,A777AP14
test/1563.bmp,AM275C35
test/2726.jpg,M877BT46
test/2711.jpg,B642YM98
test/659.jpg,X200EK125
test/2552.jpg,E766CM116
test/1126.bmp,E024BA35 B85PB35
test/1939.bmp,K255KA29
test/1891.jpg,M340TK27
test/2455.jpg,T602BA64
test/701.bmp,B808OH35
test/671.jpg,T768OE54
test/897.jpg,H999YP29
test/2354.jpg,A500OP98
test/1627.jpg,H873TA29
test/263.jpg,M877MH161
test/2267.jpg,C928CP43
test/796.jpg,P688OT199
test/1231.jpg,B431YE64
test/2544.jpg,B099KM36
test/1403.jpg,A370AE123
test/151.bmp,A230CH35
test/1359.jpg,A855PO72
test/905.jpg,T506BA96
test/1458.bmp,B563TH35
test/1516.jpg,E478TC97
test/2559.bmp,O086AO37
test/1778.bmp,H707HE17 B737KX35
test/2655.jpg,P688HE69
test/1185.jpg,H420XX77
test/262.bmp,B257TO98
test/848.jpg,C793CC77
test/528.JPG,M897OO77
test/582.jpg,H499XM54
test/312.jpg,B001CP97
test/1010.jpg,B001HH116
test/2749.JPG,T462AM777
test/628.jpg,X795MM16
test/186.jpg,K650MM32
test/1116.jpg,T007AP02
test/1740.jpg,M008TM76
test/1964.jpg,P468MK69
test/2417.bmp,B360EY35
test/2155.bmp,B079CX35
test/534.jpg,B815OA69
test/252.bmp,Y668EE35
test/1035.jpg,B999EY150
test/2561.jpg,B032TB32
test/3043.jpg,M753AA163
test/2181.png,O225OK90 T338YA178
test/2905.bmp,B862KO35
test/2736.jpg,C799PO36
test/2127.jpg,A431YE152
test/998.bmp,B117YB35
test/2839.jpg,M145KY40
test/1050.jpg,E479HA69
test/2648.jpg,K884KB48
test/289.jpg,A684HA27
test/488.jpg,T512BA64
test/1863.jpg,B222EC125
test/439.jpg,H370MB33
test/3015.jpg,O866TT86
test/423.jpg,K001YY72
test/1513.jpg,X001MM61
test/2296.bmp,P675TO35 Y396EC35
test/1234.jpg,P930TE54
test/1634.bmp,B845BK35
test/355.bmp,M746AK50
test/1140.bmp,C906AP35
test/1652.jpg,B040AP116
test/1341.jpg,E889EE99
test/3075.jpg,O154XB54
test/2814.bmp,C721XC35
test/148.jpg,P769BT199
test/2473.jpg,B570YH64
test/690.jpg,C867KM51
test/1417.jpg,H991XK199
test/2972.jpg,
test/2914.jpg,H237XM54
test/110.jpg,H209CE29
test/1468.jpg,X957XX71
test/2570.bmp,T953EE35 A822EE38
test/1996.jpg,H460EP39
test/2590.jpg,P700YO98
test/1118.bmp,M227OP197
test/2286.jpg,Y919ME64
test/593.jpg,A182MO150
test/1811.jpg,E007PE71
test/2580.jpg,C038EM64
test/2764.jpg,O809MT150
test/452.jpg,B888PA125
test/2295.bmp,A573TC35
test/23.jpg,M933TY163
test/2260.jpg,P210BE34
test/2178.bmp,E403BA35
test/233.jpg,B195TH86
test/3114.bmp,O06PE35 T995EE35
test/1455.bmp,B473TA35
test/1922.jpg,K974CX27
test/2949.jpg,P111KY25
test/2635.bmp,C483XY197
test/1263.bmp,B634YM35
test/934.jpg,A089AB23
test/50.jpg,P107XO96
test/3020.bmp,B922EH35
test/2860.jpg,E382HK72
test/1914.jpg,H677HH190
test/2963.jpg,B002MT190
test/1799.jpg,T712TT24
test/57.jpg,K167BX75 K171KP75
test/1163.jpg,B090OO77
test/2546.jpg,M080BT97
test/3142.bmp,B095KK35
test/1457.jpg,E404AP124
test/458.jpg,K647YK25
test/1313.bmp,
test/2617.jpg,E177HM177
test/1232.bmp,B021TO35
test/1894.jpg,T626EB102
test/644.jpg,E004EE39
test/2789.jpg,O156MM54
test/2775.jpg,E805MO36
test/2309.jpeg,T127TT03
test/1562.jpg,C777CC72
test/1219.png,O971HH178
test/577.jpg,A478CY152
test/2920.jpg,O337MK163
test/2396.bmp,M505EC71
test/1622.jpg,H015OT29
test/3185.bmp,B692KT35
test/2485.jpg,Y193CB54
test/269.jpg,M177EM71
test/2847.jpeg,E008EE77
test/2262.bmp,Y481AA35
test/1425.bmp,T030YB35
test/147.jpg,A612ET27
test/3102.jpg,P151TO72
test/2444.jpg,C676OA62
test/773.png,O500OM98
test/2509.jpg,T878EO197
test/2643.jpg,T003BA177
test/2965.jpg,H237EH99 M740EY199
test/1920.bmp,AM125E35
test/3057.bmp,A459OP35
test/1837.jpg,A535OO35
test/1344.jpg,M739KX34
test/1872.bmp,O432TO116
test/1798.bmp,H340XB29
test/3099.bmp,E007BB35
test/1523.bmp,B327OK35
test/868.jpg,A749PT98
test/710.bmp,B576AK35
test/2366.jpg,A412KK03
test/3095.jpg,A709HX09
test/2811.jpg,H186BX98
test/2193.jpg,M444BA124
test/3086.png,P007KH98
test/2254.jpg,C837TC77
test/1750.jpg,A999TP102
test/629.jpg,X898HM177
test/2735.bmp,K444OM98
test/2134.bmp,B001OM35
test/471.bmp,B049AT35
test/1005.jpg,O324EC199
test/2990.jpg,H073OC70
test/2754.jpg,O781CA98
test/1802.jpg,P482PT34
test/1000.jpg,B979KM163
test/2753.jpg,K777CX71
test/465.jpg,T309HB62
test/1673.bmp,E654AX35
test/2717.jpg,T601PE50
test/1849.png,O320MM78
test/469.jpg,C017AH64
test/1489.jpg,A000C161
test/1892.jpg,M404EH90
test/2091.bmp,A119TC35
test/829.jpg,T017HT54
test/179.jpg,T824XM97 M999MM90
test/2390.jpg,M932YY78
test/2877.bmp,K440MO29
test/180.jpg,O530EB174
test/210.jpg,C266CC77
test/1716.jpg,B7053X10 B826OP77
test/1317.jpg,B287TP24
test/456.jpg,B666AB178
test/2173.png,O182OA98
test/299.jpg,Y333YY34
test/549.jpg,B414HX159
test/124.jpg,E586BO197
test/2672.jpeg,E047ME77
test/1476.jpg,A231AB23
test/772.jpg,E999MM43
test/1776.jpg,H383MM69
test/2457.bmp,Y032AY35
test/2569.jpg,M099PE199
test/1548.bmp,B202OM35
test/800.jpg,O522OO150
test/2844.jpg,C40TE77
test/1490.bmp,B225AX35
test/1301.jpg,O271OO97 A124MP97
test/1277.jpg,Y163CA59
test/1741.jpg,A100CP177
test/2067.jpg,C528AA199
test/2682.bmp,C706YP35
test/737.jpg,X135TX27
test/365.jpg,B239KT35
test/2671.bmp,A830XO35
test/215.jpg,B454XM99
test/969.bmp,Y574A35
test/300.jpg,M093MM64 H558EO197
test/77.jpg,K796TT86
test/1156.jpg,C398KX161
test/932.jpg,H001BK71
test/2412.jpg,T044XO47
test/980.bmp,A783CX35
test/1532.jpg,H203OX62
test/2204.jpg,M003KC197 H893KK197
test/1597.jpg,K500XC46
test/1182.jpg,X731KY177
test/1788.bmp,E258EY72
test/1312.jpg,O094MP178
test/2251.bmp,B010PP35 C383OK35
test/1828.jpg,M474HM174
test/515.jpg,X041BH27
test/99.jpg,O218BO54
test/267.bmp,A758TX35
test/2496.jpg,T164TM64 A019AA164
test/115.bmp,B394HY35
test/1329.jpg,P407EP56
test/2252.jpg,A456PK98
test/2597.jpg,H654TX199
test/1961.jpg,X077XB54
test/1166.jpeg,Y266PO123
test/3058.jpg,E152HB178
test/2816.jpg,E125AH116
test/516.jpg,C438AK56
test/2030.jpg,M918AA142
test/1340.jpg,B378BM197
test/1874.jpg,B894BB86
test/1310.jpg,T40PB54 A079HT154
test/1004.jpg,Y212TM54
test/2393.jpg,H777KO72
test/2124.bmp,B170YX35
test/1325.jpg,O641MC197
test/1347.bmp,A512XB35
test/812.jpg,A666HO178
test/3173.jpeg,A093EO27
test/202.bmp,T403TE35
test/2566.jpg,E685XM46
test/1699.jpg,C787ET66
test/1480.bmp,T216AC35
test/1957.jpg,A501OE199
test/1295.bmp,B661YY35
test/853.bmp,T673PP35
test/2986.jpg,K003AY32
test/61.jpg,B332KT71
test/1253.bmp,E617AK35
test/1252.bmp,Y585AC35
test/2261.jpg,M101AA29
test/1679.jpg,P865PP64
test/2374.jpg,B114EY35
test/2825.jpg,H898AA123
test/1839.bmp,H666XT90
test/1925.jpg,X559XX71
test/1396.jpg,P755OA777
test/2800.bmp,A250PK35
test/551.jpg,M106PK64
test/2219.jpg,X931CP50
test/734.jpg,E300OH97
test/1659.jpg,T912XP199
test/962.bmp,B739TC35
test/459.bmp,A467PB35
test/2229.jpg,C851BT35
test/54.jpg,M491MO64
test/2930.jpg,K373HE16 K186AY197
test/503.jpg,T046PM54
test/604.jpg,E035XC197
test/620.jpg,K238KK36
test/2330.jpg,X564PM76
test/889.jpg,H612BE29
test/2407.jpg,M481MM35
test/2459.jpg,Y864TM54
test/1019.jpg,C478YH96
test/108.jpg,K009EE97
test/2392.jpg,B815ET35
test/536.jpg,O111CK76
test/2794.jpg,K747ME40
test/1855.jpg,X063XX43
test/2108.bmp,B327OH21
test/2185.jpg,C715XT98
test/2367.jpg,M050MM43
test/1048.jpg,C647MM76
test/556.jpg,B191BB64
test/271.jpg,K003XT27
test/743.jpg,C177CO78
test/1095.bmp,T765XP35
test/1034.bmp,Y583AT35
test/2879.jpg,A292BY152
test/2004.bmp,T397XE35
test/1666.jpg,H250HT64
test/259.bmp,B819KX35
test/2291.jpg,C333EE150
test/479.jpg,A702MO90
test/1493.jpg,Y734CP177
test/3116.jpg,M499TB54
test/903.bmp,C607YE35
test/2406.bmp,T810EP35
test/139.jpg,C264EK96
test/1756.jpg,X636PT54
test/349.bmp,A793XX35
test/542.jpg,P357PY96
test/1729.bmp,A724XT77
test/1515.jpg,M055BB125
test/494.jpg,H171AA48
test/1576.jpg,E007BX32
test/2662.bmp,A992XO35
test/2765.jpg,K550KK23
test/3028.jpg,K462AO63
test/2452.jpg,A111AY102
test/2942.jpg,M953PH86
test/2046.jpg,X617KH54
test/1239.jpg,B152EH45
test/2953.jpg,C086AX96
test/2925.bmp,B923YA35
test/1094.jpg,H934YY63
test/29.jpg,X226XX26
test/1935.jpeg,E806XM98
test/806.jpg,M246YX72
test/1078.jpg,P659YE54
test/1575.jpg,P745BT177
test/152.jpg,M798TM116
test/2083.jpeg,C150KE125 C150KE125
test/390.jpg,P357OH199
test/1464.bmp,B454EE35
test/2849.bmp,B119CM35
test/421.jpg,Y888EO52
test/2560.jpg,A229AA96
test/2528.jpg,P887TY54
test/2467.jpg,K65EY45
test/3000.jpg,H007OM64
test/1661.jpg,C785MT53
test/2562.bmp,T433MK35
test/3064.bmp,T299MC35
test/1821.jpg,M007YE123
test/1527.jpg,O868YM76
test/2002.jpg,H037AY55
test/2317.jpg,Y329XH16
test/919.bmp,A107HB152
test/857.jpg,X762MK197
test/2359.jpg,K764YM76
test/1473.jpg,Y204MP190
test/1758.bmp,A869YX35
test/68.bmp,X626XX35
test/414.bmp,B690XB35
test/1918.png,P729OA178
test/728.jpg,P715KP16
test/318.jpg,T975AX25
test/203.bmp,T242HH35
test/2869.bmp,T763PP35
test/2105.bmp,B281TT35
test/128.jpg,A667TT77
test/237.bmp,E680EA35
test/154.bmp,Y038BH35
test/1819.bmp,T283AY35
test/182.jpg,T772BY197
test/185.jpeg,
test/76.jpg,E963TH36
test/2895.jpg,P801AA154
test/1992.bmp,H205TT35
test/668.bmp,B057OM35
test/2453.bmp,O17A35 B868BM35
test/938.bmp,Y457KH35
test/801.bmp,B599CK35
test/2109.jpg,Y828CC72
test/1300.jpg,K306MX25
test/89.bmp,K639CH05
test/473.jpg,C867HC74
test/1199.jpg,P876OA69
test/3136.bmp,B544YK35
test/2466.bmp,B571AX35
test/2243.bmp,A384CP35
test/2867.bmp,E673AK35
test/2551.png,O282MM78 O396PT64
test/2985.jpg,T429BE98
test/112.bmp,K440MO29
test/1015.jpeg,
test/908.bmp,E040AH35
test/1793.jpg,P362OA54
test/1871.jpg,M04MP163
test/1861.bmp,B661EE35
test/1880.jpg,T756AO174
test/282.bmp,A200MP163
test/2064.jpg,A222PB34
test/71.jpg,A007PY71
test/467.jpg,X002AM66
test/1486.jpg,P674EE54
test/2268.jpg,M388TA86
test/2186.jpg,P431KB34
test/1637.jpg,K130TP86
test/1868.jpg,O084MM96
test/454.jpg,E825CE178
test/1745.jpg,M631OC190
test/825.bmp,B274YM35
test/1616.bmp,X941XX35
test/882.jpeg,H082HH38
test/790.bmp,A894XO35
test/43.jpg,E724OP29
test/2006.jpg,E918HP177
test/1520.jpg,E509OY25
test/1222.bmp,B818CB35
test/1428.jpg,C519PP25
test/1988.bmp,A697XB35
test/828.jpg,A286XH68
test/1135.jpg,X555XH74
test/2778.jpg,X143TY86
test/2180.jpg,B003XY78
test/1245.bmp,T339XC35
test/2537.jpg,E004CM178
test/1650.jpg,E979OM96
test/2868.jpg,A673AA34
test/968.bmp,AH785E35
test/60.jpg,B467XY74
test/996.bmp,T013AO35
test/2878.jpg,H000XC116
test/1426.jpg,M032CX71
test/3100.jpg,O909MM02
test/2076.jpg,H992BO89
test/2092.jpg,K001XP71
test/177.jpg,A700XX35
test/1555.jpg,M747BY96
test/3137.jpg,P427PB54
test/2336.jpg,B606EX96
test/568.bmp,A112OC35
test/715.jpg,A360HK96
test/1949.jpg,P101YP98
test/1761.jpg,A857KM09
test/823.bmp,T662TY35
test/2471.jpg,C888XO35
test/1947.bmp,P726EX35
test/2159.jpg,H696TT116
test/1779.jpg,A267TP197 O484MY178
test/1408.jpg,C777EP71
test/1889.jpg,O821BT125 O9166188
test/781.jpg,O763KE96
test/2792.jpg,M496TM55
test/1999.jpg,P872PH54
test/1842.jpg,K444EB40
test/876.jpg,T396KE54
test/1084.jpg,K189XA86
test/1484.jpg,M757MM64
test/2207.jpg,A104MY178
test/87.bmp,B180YA35
test/3134.jpg,M746EO26
test/2554.jpg,X333PM199
test/1046.jpg,K575BA32 E123TO32
test/638.jpg,M529KX150
test/852.jpg,M155XB54
test/1870.jpg,H161OP161
test/2379.jpg,B316HB35
test/474.bmp,T714BC35
test/2428.jpg,B084OB53
test/753.jpg,K048OM76
test/1615.jpg,A236TA74
test/1001.jpg,P683HP177 K067MB197
test/979.bmp,H896HH59
test/2423.jpg,B450PY152
test/2641.bmp,T800XE35
test/533.jpg,P116AT197
test/1898.jpg,C628EH03
test/646.bmp,A868OC35
test/1929.jpg,C334CA76
test/1483.bmp,E564AK35
test/204.jpg,E210CT178
test/1852.bmp,B823KO35
test/1583.bmp,B683KX35
test/2415.jpg,M803OO25
test/482.bmp,T685OH35
test/1770.jpeg,X777XX77
test/940.jpg,B001CK61
test/2322.bmp,T912XH35
test/2451.bmp,Y174EE35
test/808.jpg,M880EY46
test/2103.jpg,B570KM76
test/2040.jpg,K500TB46
test/1361.bmp,A271CH35
test/2700.jpg,C366CC29
test/2284.jpg,A517CC35
test/2780.jpg,E555KP54
test/2674.jpg,M287MM173
test/759.bmp,B187BK35
test/14.jpg,T765HC199
test/283.bmp,B855PA35
test/2062.bmp,Y229BY35
test/1865.jpg,B740ET89
test/2495.jpg,X051PT54
test/837.bmp,A216CM35
test/2591.bmp,Y700BT77
test/1905.bmp,E976BX35
test/2809.bmp,
test/2608.jpg,O022EM98 Y008EM98
test/537.bmp,B750TC35
test/519.jpg,P086CA18
test/2341.bmp,X481XX35
test/2845.jpg,E917TO29
test/274.jpg,X966TA54
test/1765.jpg,M890MX40
test/1896.bmp,B144OO35
test/3112.jpg,M484PB72
test/978.jpg,B555KP62
test/2522.bmp,A398OC35
test/2206.bmp,T690XX35
test/1846.jpg,O325OO90
test/3166.jpg,H403HH190
test/569.bmp,T132OH76
test/353.jpg,E212EP197
test/1492.jpg,A003AA177
test/1292.jpg,M007PH24
test/2164.bmp,B856XK35
test/1309.jpg,B124MB197
test/3103.bmp,Y013BX35
test/106.jpg,A775AA98
test/462.jpg,H723HH32
test/2943.bmp,A581CC35
test/163.jpg,P999MK96 B256CB102
test/1410.jpg,T001TT03
test/1522.jpg,
test/2964.bmp,B184TC35
test/428.jpg,K680KC31
test/2449.jpg,H734AH39
test/1794.jpg,K720BP89
test/2292.bmp,E381EA35
test/173.bmp,B870CB35
test/909.jpg,H862AK48
test/599.png,O282MM78 O026CK98
test/1192.jpg,A165MM99
test/1581.jpg,O534EH98
test/416.bmp,B735TO35
test/2558.jpg,O859TX199 H033MH163
test/3157.jpg,X347XX71
test/1248.jpg,E992TP96
test/572.jpg,X460HK178
test/590.bmp,B570BB78
test/2724.bmp,C412XT35
test/1477.jpg,P185TA96
test/1454.jpg,T709YX177
test/461.jpg,E634CO177
test/1569.jpg,B600MB152
test/2725.bmp,B315PP35
test/656.jpg,C562BM54
test/2973.bmp,A567TP35
test/1998.jpg,C307TC24
test/201.jpg,P471HA77
test/976.jpg,P156KC78
test/1697.jpg,T725XY24
test/694.bmp,H161BT98
test/3141.jpg,C265KK54
test/247.jpg,E952ET13
test/2486.jpg,X641HY69
test/967.jpg,P111TP39
test/858.bmp,B891XK35
test/3130.bmp,C024MT35
test/2940.jpeg,Y44K233
test/1840.bmp,Y939AA35
test/368.jpg,C909OH199
test/2371.jpg,A698AX178
test/1677.jpg,E777EY25
test/1517.jpg,K132OX61 A458KH161
test/1712.bmp,T316XA35
test/2691.png,P777AE123 C777YA93
test/583.jpg,X654BK66
test/1167.bmp,B751CK35
test/1037.bmp,B709XM35
test/1979.bmp,B161HE35
test/1558.jpg,E097YA76
test/324.jpeg,C109MT125
test/2670.jpg,P214OB96 C544PX66
test/44.bmp,T383CK35
test/1983.jpg,K001XK71
test/2000.jpg,X005EY64
test/1553.jpg,E593ME178
test/2421.jpg,X080PO54
test/2961.bmp,T651BH35
test/1007.jpg,A144AB77
test/2634.jpg,B944AH54
test/702.jpg,B996AH77
test/340.jpg,Y389PY77
test/1079.jpg,K728PE71
test/1345.jpg,E329AY152
test/762.jpg,Y510CC72
test/1101.bmp,K360BK51
test/2773.jpg,T831MO70 X970KH777
test/1412.jpg,A809OO35
test/2362.bmp,T239YX35
test/3127.jpg,E751OY29
test/3144.png,O768OO98
test/2987.jpg,P671MM90
test/1900.jpg,C252EC53
test/993.jpg,T257KX102
test/1236.jpg,T099CC197
test/953.jpg,O707EX97
test/143.jpg,O986OO177
test/2614.jpg,E805OX62
test/333.jpg,K323OT57
test/1162.jpg,C558CC71
test/1728.jpg,A312XY70
test/2316.jpg,K365EO43
test/2933.jpg,B6447CM66
test/566.jpg,E892KT33
test/2598.jpg,A900CT199
test/213.jpeg,C285XK150
test/306.jpg,Y101CK86
test/1711.bmp,B797TA35
test/2751.jpg,M835TM190
test/1968.jpg,C910EH33
test/169.jpg,X441XX71
test/1430.jpg,H264BB48
test/1928.jpg,P752PH177 M204PH177
test/2096.jpg,P102XO96
test/2306.bmp,B137CC35
test/841.jpg,B021PT52
test/1667.bmp,E716AX35
test/2553.bmp,B366CK35
test/3044.jpg,O471MA64
test/2630.bmp,EY89E29
test/2947.jpg,K614CT36
test/15.jpg,K567AM32
test/2175.jpg,H595HO71
test/3074.jpg,X864AE64
test/2308.bmp,E521BA35
test/741.jpg,O379CY161
test/578.jpg,M247MK58
test/257.jpg,X580KP14
test/754.jpg,O537AP197
test/2838.bmp,A549PB35
test/2462.jpg,O680OO177
test/3011.bmp,T236PA35
test/1257.jpg,A432AP163
test/2419.jpg,E173CP54
test/33.jpg,A018PB54
test/2364.bmp,Y545BX35
test/171.jpg,M936ME199
test/3174.bmp,B911OX35
test/3021.jpg,A013MP77 A013MP77
test/1531.jpg,P777EX52
test/2796.jpg,K222PP78
test/1862.jpg,C797BB89
test/3167.jpg,A124TX125
test/86.bmp,T618TT35
test/1039.bmp,B474MB35
test/1055.jpeg,A403MP97
test/1088.jpg,A960MB63
test/39.bmp,O464KM35 A372CE35
test/1144.jpg,T777OO63
test/3158.jpg,T325BY96
test/1656.jpg,X472PO177
test/48.bmp,T765CK35
test/2216.jpg,T565PK52
test/900.jpg,A592MO163
test/1269.bmp,B087CC35
test/384.jpg,K208EY190
test/2880.bmp,M036EX96
test/907.bmp,T251AO35
test/466.jpg,O080BX98
test/2101.jpg,P001EA43 K385HH43
test/958.jpg,P451HY98
test/1645.jpg,A191AT98
test/2531.jpg,B777BE152
test/2661.jpg,X227EH97 Y702CT177
test/2714.jpg,T444PX54
test/130.jpg,E777HH71
test/691.bmp,A717CE35
test/1916.jpg,K549CA32
test/637.bmp,B633PB35
test/1089.jpg,X142XX71
test/631.jpg,H671HH76
test/2190.jpg,A473KT69
test/2863.jpg,K588MC96
test/1847.jpg,B323OH66
test/955.jpg,A001TP35
test/1446.jpg,C213MP190
test/3045.bmp,A896XH35
test/2021.jpg,E555MB33
test/2353.bmp,B484XK35
test/707.bmp,T509KX197
test/235.jpg,H939YH163
test/1358.bmp,B707EE35
test/1326.bmp,T874HH35
test/1533.jpg,E395CO64
test/1921.jpg,O999BB197
test/2339.jpg,H644EP63
test/2278.jpg,E999YX199
test/1238.bmp,B631YK35
test/2912.jpg,T797ET54
test/991.jpg,C084EY64
test/880.bmp,E348AX35
test/1997.jpg,H071TT71
test/2665.bmp,X363XX35
test/2028.jpg,X091HA125
test/1534.jpg,Y482HE69
test/1448.jpg,T001KX199
test/1498.jpg,T853TE25
test/2524.bmp,T247AT777
test/1579.jpg,P400PP86
test/1240.jpg,C879KA98
test/1601.bmp,B737CB35
test/1536.jpg,O478TY54
test/884.bmp,A316YA35
test/1465.png,T819TB178
test/2610.bmp,T897XP35
test/354.jpg,C400YT96
test/359.bmp,B430BE35
test/2906.jpg,P390MC47
test/460.jpg,C761AO197
test/756.bmp,B797HY35
test/729.jpg,O048OX77
test/2612.jpg,B538PE39
test/555.jpg,M105TH36
test/667.jpg,H254XA11
test/3078.bmp,Y522KE35
test/874.jpg,E100HE86
test/1145.jpg,X713XX77
test/2628.jpg,H777KM197
test/58.bmp,T809XE35
test/498.bmp,A233OM35
test/1915.bmp,A799PP35
test/334.jpg,O569MP178
test/1258.jpg,K457KY133 Y691XA90
test/278.jpg,K854PB54
test/223.bmp,B559XM35
test/1903.jpg,K995KK61
test/1180.jpg,X222MA150
test/2203.jpg,O555HA125
test/722.jpg,A423BK154
test/234.jpg,P515EE54
test/3072.jpg,A777MP97
test/1823.jpg,K549YE71
test/3051.bmp,B531YX35
test/506.jpg,K333PB177
test/3061.jpg,A598OY27
test/573.jpg,E274CY46
test/1805.jpg,C715TM42
test/1383.jpg,A282HP61
test/3117.jpg,X595KX54
test/335.jpg,X803HK25
test/750.jpeg,K001XY56
test/2502.bmp,B823KO35
test/1481.jpg,H683BH97 O110HT199
test/1646.bmp,B185OO35
test/181.jpg,O004OO197 O931OO199 M156MM197 A475AA197
test/1606.bmp,C634XH35
test/2812.bmp,T753HY35
test/1854.jpg,C157TO54
test/1054.jpg,K687KH75
test/2806.jpg,X632EY177 C256KO77
test/303.jpg,A360EA96
test/3004.jpg,T212BB54
test/2805.jpg,H284HT36
test/319.bmp,B922KT35
test/661.jpg,C880AO96
test/3128.jpg,C736AO197
test/595.jpg,E119AO190
test/2515.jpg,E767MB178
test/389.jpg,K316ME177
test/1595.jpg,Y251KA174
test/2351.bmp,T070AM35
test/1876.jpg,A157EP07
test/2384.jpg,A667ME89
test/1671.jpg,H740PM25 K913BM29
test/367.bmp,B775PP35
test/2249.jpg,
test/1966.jpg,C478EX52
test/97.bmp,E805AM35
test/2246.jpg,X935PM50
test/2160.jpg,K017AY32 C859MM32
test/2087.jpg,A591YY152
test/2300.bmp,B499XE35
test/1293.jpg,X335KE54
test/2888.jpg,H845AY124
test/699.bmp,T288PA35 B914CY35
test/1485.jpg,X200EO98
test/2567.jpg,P713AK197
test/1111.jpg,A071PC77 T882XO199
test/770.bmp,A430TO35
test/2370.jpg,K358TX199
test/1289.bmp,B325EE35
test/2425.bmp,B742KK35
test/2779.jpg,X204PC98
test/1164.jpg,H861XT52
test/392.bmp,E461YM29
test/1987.jpg,O771MT197
test/570.bmp,B096MA35
test/1817.bmp,T827XE35
test/2731.jpg,E555MB33
test/2070.jpg,C634AO96
test/2321.jpg,H768AT58
test/436.jpg,O070XX74
test/1841.jpg,X710XH97
test/1142.jpg,T294MY102
test/835.jpg,C780EH51
test/371.jpg,X826XX64
test/1850.jpg,E777OM163 M575TP163
test/3032.bmp,Y017EB35
test/2099.jpg,E535HO77
test/1196.jpg,A837AA72
test/1376.jpg,Y761AK199 E388AX99
test/2387.jpg,X900EK177 M963MB51
test/2250.jpg,O571KA190
test/1944.jpg,K805XY54
test/2119.bmp,B447AK35
test/45.jpg,H732AE66
test/815.jpg,M350BO46
test/845.jpg,E063KC178
test/2014.jpg,E001EH71
test/492.jpeg,A911CX199
test/1414.bmp,A794YX35
test/2386.jpg,K478OH32
test/1726.jpg,C218YY97 M441MC197
test/950.bmp,P616AC50
test/2061.jpg,E331KC36
test/453.jpg,H098KK29
test/2208.jpg,P725HH76
test/540.jpg,A452YB27
test/1600.jpeg,M428BX05
test/2120.jpg,H030XB11
test/352.jpg,Y605TY98
test/2456.jpg,T760AO66
test/842.jpg,K699OH05
test/621.jpg,H888EH99
test/2850.jpg,H777PH77
test/2082.jpg,M888CY36 O888AO36
test/1956.jpg,Y776MH16
test/2319.jpg,P079HY54
test/2685.jpg,C001EK63
test/2777.jpg,H751HB161
test/2301.bmp,B919XE35
test/758.jpg,E080YE29
test/2694.bmp,E939AX35
test/1742.jpg,P984KT197
test/2063.jpg,O071PK59
test/2375.jpg,O417EA197
test/3029.jpg,Y303TX199
test/2718.jpg,K370MP15
test/1016.bmp,B867OH35
test/2696.png,M077YA70
test/658.bmp,T008OO35
test/2244.bmp,T316PP35
test/3017.bmp,A890TC35
test/3129.jpg,O001MC66
test/1098.jpg,H009BC19
test/1188.jpg,A989KY178
test/708.bmp,T289EA35
test/2361.bmp,C671YA35
test/1025.jpg,A556AA190
test/1278.jpg,O362OO42
test/2542.jpg,H733YM64
test/2227.jpg,T751YE86
test/834.jpg,T928ME36
test/1618.jpg,X145MH199 M120MM173
test/2702.jpg,A776AA150
test/212.jpg,X222CK199
test/1177.jpg,H940TX11 H238YY96 H777HH43
test/468.jpg,B146AX35
test/925.jpg,A613KB178
test/2001.jpg,E081KA72
test/746.jpg,O121PC36
test/85.jpg,B004YE152
test/2484.jpg,P698TH18
test/2637.jpg,Y114YY72
test/1143.jpg,
test/1781.bmp,B703YY32 E654AB35
test/80.bmp,B816OK35
test/1934.jpg,A009OT178
test/2689.bmp,C757YH35
test/1254.bmp,K089OM29
test/1598.bmp,B128TO35
test/795.jpg,A117CO98
test/2582.jpg,X222XT93
test/1973.jpg,P33OT62
test/3121.jpg,K470OY46
test/1895.bmp,C325XH35
test/2519.jpg,P107PP86
test/157.bmp,T262CP35
test/630.bmp,A897PB35
test/1472.jpg,H397EB96
test/3143.bmp,E975AX35
test/757.jpg,P850EK96
test/861.jpg,T762EP66
test/2971.bmp,Y872KE35
test/2314.jpg,X001XX190
test/1272.bmp,B758YK35
test/1442.jpg,M431EP54
test/113.bmp,A245CE35
test/35.jpg,Y734AP199
test/1440.bmp,B512AT35
test/2147.jpg,B480CT26
test/511.jpg,H300KM29
test/2786.bmp,B432AK35
test/2952.jpg,O333AB190
test/2470.jpg,H343AK123
test/2097.jpg,X872CP59
test/2270.jpg,M868MM39
test/2924.jpg,A050AA43
test/1702.jpg,H851TE29
test/2678.jpg,T357TT71
test/1103.bmp,B930CM35
test/704.bmp,A664CH35
test/2710.bmp,B818EY35
test/1647.jpg,E525KX71
test/2692.bmp,B559PB35
test/166.jpg,
test/3156.jpg,X857YK54
test/1183.jpg,B613KE33
test/1591.bmp,B214KT35
test/2288.bmp,C097XC35
test/854.jpg,H586HP47
test/654.jpg,Y620EA54
test/2016.bmp,B041KX35
test/2013.jpg,M912HT27
test/1607.jpg,A839MO37
test/2237.jpg,
test/2431.bmp,B543OE35
test/2152.bmp,
test/1216.jpg,Y654BE77
test/1375.jpg,H50M197
test/78.bmp,C330TT35
test/1816.jpg,T543TP27
test/2824.jpg,P100AC35
test/683.jpg,H149TE116
test/1696.bmp,E827AB35
test/2799.jpg,P233AX55
test/1071.jpg,B081BB152 A69OA55 Y636EP52
test/2033.jpg,K216YX32
test/1884.jpg,B053PX47
test/2785.jpg,A119XH178
test/2884.jpg,K323KK190
test/2981.bmp,Y665EC35
test/52.jpg,M417XY16
test/1241.jpg,P948HO54
test/1404.jpg,E777YB125
test/2881.bmp,B204PP35
test/697.jpg,B736OK197
test/2199.jpg,A055OB178
test/105.jpg,T007HC52
test/3087.jpg,H132MT96
test/612.jpg,Y501BA47
test/648.bmp,B701CC35
test/476.jpg,A001AA36
test/1752.jpg,X696XX55
test/2793.bmp,B443PA35
test/2116.jpg,A001AT71
test/682.jpg,H882EA86
test/3105.jpg,E359YP70
test/165.bmp,T578XY35
test/777.bmp,A813CA35
test/3033.jpg,P456HT54
test/287.jpg,T121EH197
test/2787.jpg,E737HX159
test/2666.bmp,K444OM98
test/946.jpg,E122TK54
test/2201.jpg,A982KA174
test/2795.bmp,B701OO35
test/1557.jpg,C304XX29
test/19.jpg,M333TE54
test/434.jpg,E421CM177
test/1152.jpg,A357CT178
test/618.bmp,A631CA35
test/2968.jpg,P674EO51
test/2996.jpg,K768CX68
test/1235.jpg,E609AO33
test/1708.bmp,T232MB35
test/2606.jpg,C500CC50
test/1528.jpg,C151HA48
test/2828.jpg,B353XO64
test/36.jpg,M018XC27
test/28.jpg,B470O64
test/1719.bmp,B766XA35
test/2975.jpg,T777EC197
test/2479.jpg,A876MP36
test/2312.jpg,K500HK197
test/187.jpg,C318X99
test/2921.jpg,O772YP199
test/1255.jpg,P544HA47
test/2111.jpg,H071EP71
test/922.jpg,X090OC54
test/2829.bmp,E734BA35
test/373.jpg,T685TT64
test/1701.bmp,A555OY35
test/864.jpg,O535KO78
test/3125.jpg,E943HC43
test/2162.jpg,P679EP54
test/887.jpg,B623OT116
test/2709.jpg,E378KE71
test/251.bmp,X234YY59
test/610.jpg,E007BP71
test/13.jpg,O534EH98
test/42.jpg,H67K178
test/2441.jpg,A200EP178
test/2899.jpg,B777YX36
test/1280.jpg,A406PO93
test/136.jpg,C468KO37 Y666AT190
test/2690.jpg,P864PP55
test/1409.bmp,B768KX35
test/1288.jpg,M505ET46
test/1767.jpg,K857EX96
test/1879.jpg,Y325CC72
test/1504.jpg,T025PT54
test/2866.jpg,B444BE35
test/2707.jpg,E309PY50
test/1058.jpg,K454OM55
test/904.jpg,O301PA04
test/446.jpg,P333MP34
test/966.jpg,M038MM64
test/2913.jpg,P782KH54
test/2852.jpg,B001CA64
test/264.jpg,A001AA97
test/2907.jpg,A071AY116
test/2338.jpg,C911YO199 M007OC26
test/1267.bmp,T269XX35
test/2378.jpg,H494PY71
test/121.jpg,K339ME46
test/1123.jpg,T659KB161
test/1205.jpg,O532OA98
test/168.jpg,A91KT27
test/3013.bmp,B458BE35
test/3184.jpg,X411AX01 P481HC93
test/1351.jpg,T865TH36
test/594.jpg,P047KM199
test/732.jpg,H499OK69
test/674.jpg,A261HO54
test/678.jpg,P999TE97
test/1561.jpg,B283AH72
test/2594.jpg,B436HA47
test/1372.jpg,A063PO61
test/751.jpg,X451TY54
test/1420.jpg,P777HO86
test/107.jpg,P523HY34
test/3023.jpg,K833TB177
test/338.jpg,H085OY62
test/803.jpg,C352OH33
test/912.bmp,T361CH35
test/1362.png,O880HO18
test/1773.bmp,E864AK35
test/2607.png,O166KO98
test/1521.jpg,P641HH174
test/984.jpg,E999EE72
test/161.jpg,P497XC54
test/2770.jpg,M007EM46
test/574.bmp,Y044AX35
test/1746.jpg,P777XY150
test/1990.jpg,X119KC27
test/2750.jpg,P040AH12
test/587.bmp,O022EE35 T304TT35
test/1547.jpg,X122PM52
test/1287.jpg,K444HE32
test/1774.jpg,Y319TA54
test/2931.jpg,
test/311.bmp,T312PA35
test/2187.bmp,T891CO35
test/1474.jpg,O177BE96
test/553.jpg,P804KH190
test/1006.jpg,A449TX42
test/2169.jpg,E001KX61
test/1040.bmp,B049M35
test/2368.jpg,T745AB102
test/703.jpg,A297AA52
test/2038.bmp,B890AA35
test/1835.jpg,Y700YY77 A758AA77 A841MP77 O816OO77
test/412.bmp,Y553AT35
test/696.jpg,C307AM197 O735AB197
test/778.jpg,H650AK123
test/1628.bmp,B683KK35
test/850.jpg,K608TK150
test/1076.jpg,K699XE64
test/875.bmp,Y705AY35
test/2334.jpg,K086OY54
test/3109.jpg,E757AM163
test/2426.bmp,T464TB35
test/3093.bmp,B105BE29
test/2489.bmp,T678PO35
test/1080.bmp,B266CB35
test/2142.jpg,O960HC55
test/2153.jpg,H686PC02
test/846.jpg,X167TX16
test/2602.jpg,C366KH25
test/2410.bmp,B184MB35
test/1357.jpg,Y624XO54
test/1888.bmp,C221ET51
test/1962.jpg,Y567AO47
test/1503.jpg,C182EO125
test/2584.bmp,X767MB51
test/1349.bmp,T383CK35
test/805.jpg,H551AY59
test/1112.bmp,C865XH35
test/794.png,B776YC77
test/2574.jpg,C602AC60
test/2434.jpg,O198TC36
test/1980.bmp,T592OX35
test/2545.jpg,M200MY52
test/344.bmp,B987PP35
test/75.bmp,B584AK35
test/481.jpg,H390MK116
test/3070.bmp,B823YT35
test/1311.jpg,O483OH98
test/872.jpg,O058KP197
test/916.jpg,O979AA64
test/2893.jpg,M544KX46
test/1421.jpg,O524HO52
test/986.jpg,H091C71 M906BK71
test/2110.jpg,A002MH72
test/2759.jpeg,E585OK197 E659TA199
test/339.jpg,X325MO64
test/1978.bmp,T237BP35
test/1815.jpeg,X527EP197
test/1759.jpg,K555BT102
test/647.jpg,B076MK67
test/411.jpg,Y001EX197
test/1780.jpg,C700BC47
test/988.bmp,E905BA35
test/1499.jpg,E259OT62
test/2224.jpg,Y778EM54
test/1082.jpg,C531PA77
test/1630.jpg,M900CM76
test/2217.jpg,O542EK98
test/1820.bmp,T788OT35
test/827.jpg,P955OC61
test/129.bmp,P980EM35
test/1623.jpg,X250CB66
test/2010.bmp,B196XK35
test/2022.jpg,B206TO150
test/1266.jpg,O444EE76
test/2256.bmp,O153XC61
test/4.bmp,B95ET35
test/2540.jpg,M022TA199
test/617.bmp,C182KC35
test/2579.jpg,E903YA190
test/2820.jpg,E555AY199
test/2595.jpg,X92P50
test/603.jpg,M070BB55
test/999.bmp,Y519EB35
test/3160.jpg,B026AM64
test/3060.jpg,Y426MK98
test/895.jpg,E144XY36 M300AK77 T504HX177
test/225.jpg,Y020CC52
test/2900.bmp,E401BA35
test/485.jpg,P594AB78 T193PP98 P274AB9
test/2797.bmp,A701XB35
test/294.jpg,K796AO32
test/598.bmp,C349CX35
test/2100.bmp,E054AX35
test/2639.jpg,C0OB34 T430OM69
test/1680.bmp,T953OX35 B799TT35
test/2916.jpg,H001PM72
test/1108.jpg,T777PT34 P008XA96
test/1825.jpg,X339MP150
test/1948.jpg,O216MP77
test/2136.jpg,H160AP77
test/3088.jpg,C311CC99
test/2926.jpg,
test/2472.bmp,C933CK35
test/1783.jpg,O020PP177
test/2535.bmp,B890BM35
test/575.bmp,Y733AT35
test/1066.bmp,T222OX35
test/2331.jpg,K649AH29
test/1784.bmp,A818TP35
test/1791.jpg,A33Y89
test/1038.jpg,H178YM71
test/1721.jpg,Y231OC66
test/936.jpg,O267AO150
test/1654.jpg,O148XT150
test/2576.jpg,K686BE32
test/3177.jpg,X575XX125
test/3054.jpeg,A76AY161
test/2324.bmp,A642PX35
test/2050.jpg,P444BY177 T555HY77 O248BH77
test/2349.jpg,T003PT177
test/1331.jpg,P291PP53
test/2057.jpg,K973TB199
test/543.jpg,T014BY190
test/2966.jpg,T160KP199
test/2918.jpg,B220EA69
test/2332.bmp,T861XC35
test/2679.jpg,K848OX77
test/2508.jpg,T150OH54
test/2622.jpg,H304HH32
test/2269.jpg,A252KK159
test/2078.jpg,E069PM76
test/1202.bmp,Y069AT35
test/2518.jpg,H284XT29
test/1882.jpg,M333TK199
test/2369.jpg,A100TE25
test/1567.bmp,C376YX35
test/1026.jpg,O006PB24
test/2891.bmp,T333TH35
test/1450.jpg,O547TE77
test/2647.jpg,T724OA25
test/2235.bmp,C383CC35
test/2507.jpg,X308PO54
test/856.jpg,C315CK36
test/1873.bmp,A830KC21 X219X97
test/24.jpg,O198YC54
test/2197.jpg,P411HT54
test/1803.jpg,Y500MB150
test/1672.jpg,P658PO69
test/2023.bmp,A904XB35
test/1146.bmp,C311YX35
test/518.bmp,Y684EY35
test/1315.bmp,B268YM35
test/1475.jpg,E205PX98
test/2897.bmp,T842CB35
test/455.jpg,P726XO96
test/1642.jpeg,Y676KO56
test/2657.bmp,T580PO35
test/2865.jpg,B282CO72
test/3091.jpg,B506MA35 A266CX35
test/2853.bmp,B738EB35
test/2747.bmp,B106CK35
test/2756.jpg,A766BY03
test/2293.jpg,B500EE190
test/1723.bmp,T267XY35 Y028KP35
test/992.jpg,O882PM76
test/3180.jpg,H486BT74
test/844.jpg,X243BY54
test/597.jpg,B873KH177
test/2548.jpg,M747MA163
test/915.bmp,B911YY35
test/1028.jpg,A577BP15
test/951.bmp,B518TT35 B131EP35
test/607.bmp,C252XC35
test/501.jpg,E001PK71
test/3107.jpg,M299KK93
test/2798.bmp,P197TB178
test/2363.jpg,A777PT39
test/2663.bmp,B902AH35
test/316.jpg,K776XO197
test/195.jpg,M204XM77 H076KP37
test/523.jpg,Y421TH86
test/785.bmp,T951YP35
test/1713.bmp,C557TA35
test/1471.jpg,K001HM161
test/347.jpg,X400ME197
test/231.bmp,B624YX35
test/2945.bmp,A259CX35
test/2802.jpg,B666OP102 C888CE60
test/1524.jpg,M680PE25
test/3059.jpg,A600HO70
test/1018.jpg,Y492TM178
test/1206.jpg,Y982MP54
test/2282.jpg,T735HP26
test/378.bmp,A453YA35
test/2418.jpg,X632HP190
test/2774.bmp,B999TC35
test/913.jpg,M244MT190
test/1858.jpg,H191EA58
test/1535.bmp,A286XB35
test/605.jpg,H766EK116
test/2938.bmp,B570OP21
test/2910.bmp,B334TA35
test/1682.jpg,K593TH72
test/1706.bmp,E197AA35
test/1789.jpg,H546TA29
test/194.jpg,K988TP05
test/724.jpg,O181OM76
test/1461.jpg,E098TC27
test/369.bmp,B156CK35
test/1993.bmp,B872OE35
test/2757.jpg,K500KO197
test/1749.jpg,E001OY58
test/1104.jpg,H212CC116
test/928.jpeg,Y676AB60
test/429.jpg,P751MX34
test/3101.jpg,B010YE64
test/963.bmp,T862XH35
test/1381.jpg,M947EB197
test/1070.jpg,C370PM96
test/2815.bmp,B967XM35
test/1678.jpg,E493TB46
test/1592.jpg,E178BB64
test/3118.jpg,A025PC177
test/2917.bmp,P969XO35
test/1487.jpg,C496EK54
test/1540.jpg,M723YP178 P838HE178
test/62.jpg,Y964AA123
test/393.jpg,C707MT53
test/2927.jpg,P115KO69
test/193.jpg,O749KE54
test/356.bmp,P645PB35
test/1859.jpg,T124OT77
test/2200.jpg,A738PO27
test/2658.jpg,A944YX177
test/653.jpg,K182KB48
test/1508.bmp,B232EE35
test/2464.jpg,C430EK199
test/926.jpg,T091TT70
test/1294.jpg,E600EE152
test/158.jpg,P965HY54
test/811.bmp,E506EB35
test/1782.jpg,T633CP66
test/2233.jpg,K242PK199
test/483.jpg,E556BE21
test/1809.jpg,Y585XE02
test/2276.jpg,H888AX197
test/321.jpg,A010CB61
test/59.jpg,Y839AA123
test/1379.bmp,T355TB35
test/84.bmp,B381YX35
test/2310.jpg,Y771XM54
test/1212.jpg,O702OO199 O731OO77
test/21.jpg,K169HO102
test/1525.jpg,E564TM150
test/2915.jpg,O522XX96
test/3111.jpg,E537CK178
test/2871.jpg,Y304TX54
test/146.jpg,O941PY39
test/1586.jpg,Y055PT190
test/3007.jpg,A392MO99
test/2104.jpg,C595CM199 K848ME67
test/1687.bmp,B583MH35
test/2125.bmp,B634AA35
test/296.bmp,T767PY35
test/769.jpg,C980CC61
test/596.jpg,K111MX99 E001EA190
test/1121.jpg,C519OH36
test/2699.jpg,P104AB142
test/2215.jpg,E963EE60
test/2669.jpg,M679OH68
test/2184.jpg,Y666YY98
test/2106.bmp,E274AX35
test/1304.jpeg,B484CE97 M799XX97
test/1594.bmp,O540CK35
test/2995.jpg,A181AA72
test/132.jpeg,C676KE56
test/1014.jpg,A091MC27
test/1024.jpg,A06OT64
test/489.jpg,O839PM76
test/3183.jpg,M143ME27
test/2248.jpg,H094TE55
test/1952.jpg,E899E178
test/3.jpg,C139AP96
test/2437.jpg,A556KO50
test/1754.bmp,A081YA35
test/700.jpg,H002XX63
test/2226.jpg,O020XA86
test/3069.jpg,H462XP66
test/2130.jpg,P051EH190
test/1488.jpg,H265TX42
test/2676.jpg,X757OX123
test/2350.jpg,B720KB45
test/285.jpg,A720EY125
test/1075.bmp,A668TY35
test/709.jpg,A888AC71
test/2701.jpg,H923HA72
test/686.jpg,M580BP190
test/266.bmp,X447XX35
test/2447.jpg,C979KO197
test/799.bmp,T290AY35
test/1137.bmp,C777BK35
test/917.jpg,Y362XX54
test/1279.jpg,P277KY96
test/1818.jpg,H294AX99
test/366.jpg,K517AH116
test/2534.jpg,A844MP154
test/2636.jpg,B020KT98
test/3175.jpg,K469HM102
test/2729.jpg,C020OC90
test/1371.jpg,A007PX71
test/1107.jpg,Y006KM33
test/1913.bmp,T780HY35
test/818.jpg,C881EB60
test/1314.jpg,A282PE52
test/634.jpg,Y061MB64
test/2036.jpg,C197MT197
test/1960.bmp,A184XE38
test/561.jpg,Y278BH98
test/513.jpg,X612Y77
test/133.jpg,Y777KY97 X717MP77
test/535.jpg,A200TT116
test/1411.jpg,B923YA64
test/2432.jpg,E358AK102
test/2967.jpg,H411CP64
test/2525.jpg,T532TT86
test/1405.png,M052PM178
test/1822.jpg,B186XO64
test/2358.bmp,C541KK35
test/891.bmp,B489CX35
test/2656.jpg,Y504KB33
test/273.png,A424MP98 P845TT178
test/1237.bmp,T284CH35
test/2858.jpg,M707AO197
test/2491.jpg,X635XX125
test/1507.jpg,X954MY69
test/238.bmp,E909BK35
test/977.bmp,B253PC35
test/606.jpg,X344AC142
test/1631.bmp,Y798OB54 H273YO54
test/954.jpg,C429MX69
test/971.jpg,E888ME29
test/1669.jpg,Y858TO98
test/1505.jpg,K280CC96
test/2618.bmp,B82CM35
test/1093.jpg,C777MM174
test/2490.jpg,H320MY71
test/34.jpg,K259AY73
test/1149.jpg,X666A77
test/2139.bmp,E247CK42
test/726.jpg,E318KX37
test/1792.jpg,X343XO199
test/1686.jpg,P353OT62
test/2307.jpg,C580TE52
test/1264.jpeg,X777AA77
test/711.jpg,H039CO58
test/2601.bmp,O541YK35
test/1186.jpg,C492CE36
test/1348.bmp,B860YY35
test/1897.jpg,O773MC54
test/2827.jpg,H042XA86
test/3089.jpg,A626PH79
test/1284.jpg,X853KO70
test/927.jpg,E005AE152
test/579.jpg,M291TA86
test/427.jpg,E405YO66
test/18.jpg,E631MA116
test/399.bmp,B147TC35
test/505.bmp,C262OC35 T967HK35
test/1130.jpg,M500KT72
test/1720.bmp,B464TP35
test/745.jpg,E222CY197
test/1777.bmp,Y730EY35
test/2405.jpg,O606TX01
test/2027.jpg,E150OT29 K139TT90
test/2516.jpg,K814OC69
test/2483.jpg,P944AA55
test/305.jpg,O870OO96
test/1660.jpg,X806AY45
test/1053.bmp,B890MB35 B239AC35
test/1582.bmp,AH77P76
test/2782.jpg,M947KH54
test/885.jpg,A431MP90
test/178.png,A431HY178 M640OY178
test/2684.jpg,A222YP150
test/679.bmp,B773HA10
test/816.jpg,M384TM76
test/1096.bmp,E432AH35
test/1804.jpg,E168CA93
test/1114.jpg,Y336XX97 K015MP77
test/1902.jpg,M486HE69
test/1360.jpg,P826PY77
test/5.bmp,B584XK35
test/2909.jpg,Y001AT66
test/2167.jpg,O149MO66
test/2253.bmp,E462BA35
test/2411.jpg,Y791XB47
test/410.bmp,B468KE35
test/3079.bmp,A670XH35
test/1832.jpg,K146MO197
test/2568.jpg,O080TT86
test/9.bmp,A766XY25 C833YE35
test/526.jpg,E002OT13
test/1415.jpg,Y423XM199
test/2517.jpeg,P547HM197 M287HC197
test/2469.jpg,X555YH25
test/1590.jpg,B621BH54
test/2463.png,X284KH47
test/2721.jpg,A649KT197
test/921.jpg,P327MM76
test/2908.jpg,K624BA96
test/548.bmp,B888EP35
test/2347.jpg,M576AM197
test/2277.bmp,P923BC35
test/639.jpg,P560MM96
test/1674.jpg,P558KP197
test/153.JPG,E506EC152
test/614.bmp,B184TC35
test/11.jpg,H566CO48
test/1766.jpg,M627KB37
test/2477.jpg,C684XM77
test/2962.jpg,X953PE150
test/685.jpg,Y023YP23
test/1276.bmp,T596HP35
test/2480.jpg,Y00BY21
test/748.jpg,X624PK98
test/649.jpg,E951EE152
test/640.jpg,B806KT199
test/3151.bmp,B949AT35
test/2212.bmp,B716PC35 B191EY35 B116K35
test/1307.bmp,M464MO51
test/768.jpg,O942BT161 Y055PT93
test/1087.bmp,
test/3155.jpg,P903HB16
test/1274.jpg,O720TX54
test/2213.jpg,K609YX32 M919MP46
test/890.jpg,A512AA31
test/2077.bmp,B458EH35
test/1193.jpg,E649EA116
test/82.bmp,A588XT35
test/2280.jpg,P552OB58
test/1664.png,
test/2817.jpg,X078KP64
test/83.bmp,E592AM35
test/2430.jpg,O076XX96 O602XB96
test/1022.bmp,E977AX35
test/122.bmp,C311YX35
test/1651.jpg,M943CH72
test/2605.jpg,K904AH199
test/497.jpg,C900YA97
test/2151.jpg,X222PM76
test/2832.bmp,A344OO35
test/657.bmp,T862XH35
test/920.bmp,T020EP35
test/1422.jpg,E424YO29
test/20.bmp,C801OB35
test/2870.jpg,O906AM96
test/2738.jpg,C135KA99
test/1958.png,A832AO178 T402YX178
test/985.jpg,M220KC77 E829HE77
test/2719.jpg,P242XT64
test/131.jpg,B259OO64
test/2801.jpg,P900BY69
test/564.jpg,H885XY52
test/2383.jpg,T518PX54
test/2501.bmp,T620EA35
test/623.bmp,B488OK35
test/2951.jpg,Y622HC43
test/2902.jpg,M338MT116
test/687.jpg,C777HP777 A777HP777 A777KA77 T777EK777
test/2732.bmp,A184XE38 O048CA38
test/2133.jpg,B30HK152
test/116.jpg,H388XP29
test/26.bmp,Y728AY35
test/1127.jpg,O411TC86
test/1848.bmp,A474PC35 E808AM35
test/1965.bmp,B204KP35
test/1283.jpg,O767KC64
test/879.bmp,B400PP35
test/1909.bmp,A096YE35
test/1844.jpg,O238YM64
test/2026.jpg,M567KH27
test/2730.jpg,H974XH197
test/1608.jpg,M777MA197
test/1227.jpeg,H333BM56
test/2994.jpg,O383OO77
test/931.jpg,K072TT50
test/990.jpg,M142AH125
test/495.jpg,O981AP163
test/1692.jpg,E032AO178
test/1154.jpg,M605BM124 O100CB24
test/1069.bmp,T233TE35
test/1617.jpg,A666HP163
test/1330.bmp,T780AC35
test/1453.bmp,A190PK35
test/2234.bmp,Y522KK35
test/1181.bmp,A463PB35
test/2326.bmp,E544BM35
test/2029.jpg,O840HA66
test/2117.jpg,H607EX199
test/363.jpg,O451HT190
test/3178.bmp,B021BK35
test/616.bmp,B390OK35
test/1336.jpg,K309AO29
test/775.bmp,E426BM35
test/675.bmp,B970BE35
test/957.jpg,M213MM50
test/3119.jpg,O235XP54
test/2011.jpg,C434AA190
test/72.jpg,T650TM76
test/2977.jpg,P419YE54
test/547.jpg,A322CX98 E9500B98
test/2771.JPG,B885BA197
test/1969.jpg,T020KK69
test/2980.bmp,B704KO35
test/851.jpg,M858OA58
test/302.jpg,A649AA31
test/1574.jpg,K426OK69
test/1683.bmp,B838OE35
test/1355.jpg,Y796OK54
test/1429.bmp,T916PX35
test/2400.jpg,E352XX71
test/1209.jpg,K571PT99
test/3082.jpg,H620EE51
test/1459.jpg,E042OH163
test/435.bmp,B678BK35
test/293.bmp,B215MX35
test/1390.jpg,T2119735 P033KP197
test/1394.jpg,A556KX15
test/137.JPG,E506EC152
test/2957.jpg,E903PE178
test/600.bmp,C734YA35
test/1097.png,O274EH176
test/2837.jpg,M417OO25
test/2619.jpg,X150MB54
test/1724.jpg,M961AH27
test/1435.bmp,B537PB35
test/836.jpg,Y447OK98
test/2821.jpg,C718CC71
test/2435.jpg,H001XK74
test/114.jpg,H625PK54
test/2398.jpg,Y704TH86
test/1449.jpg,O040KE55
test/959.jpg,O172CA98
test/1389.jpg,P888KB123 O555OO123
test/948.bmp,A750PY35
test/965.bmp,C493KK35
test/433.jpg,X451EP64
test/331.jpg,T452YE66
test/149.png,P241MH178 O053MY178
test/41.jpg,M478MP77 C508CB199
test/1633.jpg,X671HK199
test/807.jpg,A999BH99
test/317.jpg,P677PP98
test/899.jpg,A005CA163
test/1530.jpg,B988KA102
test/31.jpg,P116TM54
test/2886.jpg,K007CK71
test/2189.jpg,E900HK150
test/1639.jpg,E026KT32
test/945.jpg,M877PO27
test/1456.jpg,K557OH46
test/2744.bmp,B728AE35
test/538.jpg,H717HH64
test/2713.bmp,A163TM35 B772KO35
test/12.bmp,B559BY35
test/1705.jpg,C085TM199
test/1444.bmp,Y798AC35
test/2172.jpg,C174KK96
test/1433.bmp,T467PC35
test/2128.bmp,B680ET35
test/843.bmp,A429YB21
test/332.jpg,E151YA42 K333BE163
test/1062.jpg,H900OC72
test/141.jpg,P597OE54 H596PE54
test/470.jpg,M111AC66
test/30.jpg,A555CB198
test/102.png,B447YK177 B0542M34
test/183.jpeg,C606KY77
test/2830.jpg,T014OO54
test/902.jpg,Y333EA43
test/2365.bmp,B434XM35
test/1927.jpg,B423OP116
test/1393.jpg,M555MX02
test/2593.jpg,K111TE25
test/680.bmp,T448XM197
test/2382.jpg,H085XP163
test/949.jpg,K433CY177
test/2273.bmp,T832CB35 C272PA35
test/27.jpg,X492CK177
test/2645.jpg,B117KT35
test/2019.jpg,A612AA99
test/3140.jpg,B513TM16
test/330.jpg,K229YE24
test/1323.jpg,
test/1899.jpg,O870ET03
test/261.bmp,T365MO35
test/809.bmp,B304PA35
test/2389.jpg,O266EP03
test/1744.jpg,P005KB197
test/2889.jpg,Y962OP54
test/3094.jpg,M758MM125
test/2533.bmp,B201MA35
test/3073.jpg,X491BX64
test/396.jpg,A666EK199
test/1977.jpg,T182AO27
test/3161.jpg,O941KX197
test/2581.jpg,K258KM10
test/2555.bmp,B548TB35
test/3081.jpg,M811TP27
test/2675.jpg,Y424YP64
test/1044.jpg,Y772PH86
test/1452.jpg,E967CK36
test/721.jpg,T243E34
test/2329.bmp,E201AA35
test/995.jpg,P367XO96
test/1764.jpg,O576XC96
test/2822.jpg,Y182CX66
test/1544.jpg,H577YX11
test/2530.jpg,M221MM125
test/1739.jpg,
test/923.jpg,Y251XO98
test/3172.jpg,T562PO78
test/1635.jpg,M083AH27
test/309.jpg,M404PP64
test/375.bmp,A292TC35 B397HT197
test/893.jpg,X525PT54
test/2929.bmp,B981KO35
test/2833.jpg,B862HT68
test/174.jpg,H973YB54
test/2263.jpg,X427PE177
test/2808.jpg,B364KX35
test/2372.jpg,M213XA96
test/755.bmp,B668AA35
test/2059.jpg,E090MY199
test/1337.png,
test/1748.jpg,M555BB150
test/425.jpg,E094CA96
test/1416.jpg,M444YK31
test/1620.jpg,M639EA174
test/1431.jpg,T564OM54
test/2157.jpg,A338HB159
test/1220.jpg,E222Y197
test/1867.jpg,K613AM57
test/557.bmp,B085AC35
test/635.jpg,O520BE125
test/216.bmp,E284EP35
test/342.jpg,A042BH125
test/1613.jpg,B494TT64 Y474YY64
test/2255.jpg,O427BY125
